Propinsi,Kota/Kab.,Kecamatan,Kelurahan,Kode Pos
Papua Barat,Manokwari,Manokwari Selatan,Acemo,98315
Papua Barat,Manokwari,Manokwari Selatan,Anday,98315
Papua Barat,Manokwari,Manokwari Barat,Amban,98314
Papua Barat,Fakfak,Fakfak Timur,Wayati Timur,98662
Papua Barat,Fakfak,Fakfak Timur,Weri,98662
Papua Barat,Fakfak,Bombarai (Bomberay),Wonodadi Mulya,98662
Papua Barat,Fakfak,Fakfak Timur,Wayati Timur,98662
Papua Barat,Fakfak,Fakfak Timur,Weri,98662
Papua Barat,Fakfak,Bombarai (Bomberay),Wonodadi Mulya,98662
Papua Barat,Fakfak,Bombarai (Bomberay),Mekarsari,98662
Papua Barat,Fakfak,Karas,Mas (Maas),98662
Papua Barat,Fakfak,Bombarai (Bomberay),Mbimajaya,98662
Papua Barat,Fakfak,Teluk Patipi,Teluk Patipi,98661
Papua Barat,Fakfak,Teluk Patipi,Tetar,98661
Papua Barat,Fakfak,Teluk Patipi,Tibatibananam,98661
Papua Barat,Kaimana,Buruway,Nusaulan Jaya,98656
Papua Barat,Kaimana,Buruway,Tairi,98656
Papua Barat,Kaimana,Buruway,Yarona,98656
Papua Barat,Kaimana,Teluk Etna,Bamana,98655
Papua Barat,Kaimana,Kambraw (Kamberau),Werafuta,98654
Papua Barat,Kaimana,Kaimana,Werua,98654
Papua Barat,Kaimana,Kaimana,Lobo,98654
Papua Barat,Kaimana,Kaimana,Kaimana Kota,98654
Papua Barat,Kaimana,Kaimana,Kamaka,98654
Papua Barat,Kaimana,Teluk Arguni Bawah (Yerusi),Tanusan,98653
Papua Barat,Kaimana,Teluk Arguni Bawah (Yerusi),Sumun,98653
Papua Barat,Kaimana,Teluk Arguni Bawah (Yerusi),Seraran,98653
Papua Barat,Kaimana,Teluk Arguni Atas,Erigara,98653
Papua Barat,Kaimana,Teluk Arguni Bawah (Yerusi),Egerwara,98653
Papua Barat,Kaimana,Teluk Arguni Atas,Bofuwer,98653
Papua Barat,Fakfak,Kramongmongga (Kramamongga),Nembukteb,98652
Papua Barat,Maybrat,Aifat,Martaim,98652
Papua Barat,Fakfak,Kokas,Mbahamdandra,98652
Papua Barat,Fakfak,Kramongmongga (Kramamongga),Gewab,98652
Papua Barat,Maybrat,Aifat,Faitsawe,98652
Papua Barat,Fakfak,Kokas,Fior,98652
Papua Barat,Fakfak,Fakfak Tengah,Nemiwikarya (Nemewi Karya),98611
Papua Barat,Fakfak,Fakfak Tengah,Katemba,98611
Papua Barat,Fakfak,Fakfak Tengah,Kayu Merah,98611
Papua Barat,Raja Ampat,Salawati Tengah,Wailen,98484
Papua Barat,Raja Ampat,Salawati Tengah,Waijan,98484
Papua Barat,Raja Ampat,Salawati Tengah,Wailabu,98484
Papua Barat,Raja Ampat,Kepulauan Sembilan,Wejim Timur,98483
Papua Barat,Raja Ampat,Misool Timur,Usaha Jaya,98483
Papua Barat,Raja Ampat,Misool (Misool Utara),Wejim,98483
Papua Barat,Raja Ampat,Misool Timur,Folley,98483
Papua Barat,Raja Ampat,Kofiau,Dibalal,98483
Papua Barat,Raja Ampat,Misool Selatan,Fafanlap,98483
Papua Barat,Raja Ampat,Waigeo Timur,Urbinasopen,98482
Papua Barat,Raja Ampat,Meos Mansar,Sawinggrai,98482
Papua Barat,Raja Ampat,Waigeo Selatan,Saporkren,98482
Papua Barat,Raja Ampat,Warwabomi,Warmanai,98481
Papua Barat,Raja Ampat,Kepulauan Ayau,Yenkawir,98481
Papua Barat,Raja Ampat,Warwabomi,Warkori,98481
Papua Barat,Raja Ampat,Waigeo Barat Kepulauan,Manyaifun,98481
Papua Barat,Raja Ampat,Waigeo Utara,Kalisade,98481
Papua Barat,Raja Ampat,Supnin,Kapadiri,98481
Papua Barat,Tambrauw,Yembun,Bamus,98474
Papua Barat,Tambrauw,Yembun,Bamus Waiman (Bamuswayman),98474
Papua Barat,Tambrauw,Miyah (Meyah),Yabuow (Jabouw),98473
Papua Barat,Tambrauw,Miyah (Meyah),Siakwa,98473
Papua Barat,Tambrauw,Fef (Peef),Sikor,98473
Papua Barat,Tambrauw,Sausapor,Sausapor,98473
Papua Barat,Tambrauw,Kwoor,Batde (Baddei),98473
Papua Barat,Tambrauw,Syujak,Banso,98473
Papua Barat,Tambrauw,Miyah (Meyah),Ayiamane,98473
Papua Barat,Tambrauw,Moraid,Malawarsai (Malaworsai),98472
Papua Barat,Sorong,Klaso,Klamugun,98472
Papua Barat,Sorong,Maudus,Klaos,98472
Papua Barat,Sorong,Klayili,Klawuluh,98471
Papua Barat,Sorong,Sayosa,Klatin (Klatim),98471
Papua Barat,Sorong,Sayosa,Dasri,98471
Papua Barat,Maybrat,Aifat Timur Jauh,Tiefromen,98463
Papua Barat,Maybrat,Aifat Selatan,Tahsimara,98463
Papua Barat,Maybrat,Aifat,Susumuk,98463
Papua Barat,Maybrat,Aifat Timur Tengah,Mupas,98463
Papua Barat,Maybrat,Aifat Utara,Mowes,98463
Papua Barat,Maybrat,Aifat Utara,Neset,98463
Papua Barat,Maybrat,Aifat Selatan,Kaitana,98463
Papua Barat,Maybrat,Aifat Utara,Irata,98463
Papua Barat,Maybrat,Aifat Selatan,Hora Iek,98463
Papua Barat,Maybrat,Aifat,Bori Timur,98463
Papua Barat,Maybrat,Aifat Utara,Ayawasi,98463
Papua Barat,Maybrat,Aifat Utara,Ayawasi Selatan,98463
Papua Barat,Maybrat,Aitinyo Tengah,Yaksoro,98462
Papua Barat,Maybrat,Aitinyo,Wiho,98462
Papua Barat,Maybrat,Aitinyo Barat,Waybomatah,98462
Papua Barat,Maybrat,Aitinyo Utara,Mirafan,98462
Papua Barat,Maybrat,Aitinyo,Korom,98462
Papua Barat,Maybrat,Aitinyo,Karsu,98462
Papua Barat,Maybrat,Aitinyo Utara,Gohsames,98462
Papua Barat,Maybrat,Aitinyo Barat,Hasweh,98462
Papua Barat,Maybrat,Aitinyo Tengah,Framboh,98462
Papua Barat,Maybrat,Ayamaru Tengah,Yohwer,98461
Papua Barat,Maybrat,Mare Selatan,Waren II,98461
Papua Barat,Maybrat,Ayamaru Jaya,Warbo,98461
Papua Barat,Maybrat,Ayamaru Barat,Sorowan,98461
Papua Barat,Maybrat,Ayamaru,Smusuwioh,98461
Papua Barat,Maybrat,Ayamaru Timur Selatan,Sipat,98461
Papua Barat,Maybrat,Mare,Rufases,98461
Papua Barat,Maybrat,Ayamaru Tengah,Rindu,98461
Papua Barat,Maybrat,Ayamaru Jaya,Orsu,98461
Papua Barat,Maybrat,Ayamaru Tengah,Kartapura,98461
Papua Barat,Maybrat,Ayamaru Timur,Keyum,98461
Papua Barat,Maybrat,Ayamaru Utara Timur,Karfa,98461
Papua Barat,Maybrat,Ayamaru Utara,Framafir,98461
Papua Barat,Maybrat,Ayamaru Utara Timur,Frabo,98461
Papua Barat,Maybrat,Ayamaru,Fraharo,98461
Papua Barat,Maybrat,Ayamaru Utara,Asmuruf Tee,98461
Papua Barat,Maybrat,Ayamaru Selatan Jaya,Arus,98461
Papua Barat,Maybrat,Ayamaru,Afes,98461
Papua Barat,Sorong Selatan,Sawiat,Wensough,98456
Papua Barat,Sorong,Klamono,Wonosari,98456
Papua Barat,Sorong Selatan,Sawiat,Wendi,98456
Papua Barat,Sorong,Klamono,Klamano,98456
Papua Barat,Sorong Selatan,Sawiat,Klamit,98456
Papua Barat,Sorong,Klamono,Klalomon,98456
Papua Barat,Sorong Selatan,Inanwatan (Inawatan),Solta Baru,98455
Papua Barat,Sorong Selatan,Kokoda,Siwatori,98455
Papua Barat,Sorong Selatan,Kais (Matemani Kais),Siranggo,98455
Papua Barat,Sorong Selatan,Kokoda,Korewatara,98455
Papua Barat,Sorong Selatan,Kais (Matemani Kais),Makaroro,98455
Papua Barat,Sorong Selatan,Kokoda,Kasuweri,98455
Papua Barat,Sorong Selatan,Kokoda Utara,Adona,98455
Papua Barat,Sorong Selatan,Teminabuan,Wersar,98454
Papua Barat,Sorong Selatan,Seremuk,Woloin,98454
Papua Barat,Sorong Selatan,Saifi,Sira,98454
Papua Barat,Sorong Selatan,Wayer,Sesor,98454
Papua Barat,Sorong Selatan,Seremuk,Sbir,98454
Papua Barat,Sorong Selatan,Moswaren,Kamisabe,98454
Papua Barat,Sorong Selatan,Seremuk,Kakas,98454
Papua Barat,Sorong Selatan,Teminabuan,Kaibus,98454
Papua Barat,Sorong,Klawak,Totjin,98453
Papua Barat,Sorong,Klabot,Mlawes,98453
Papua Barat,Sorong,Beraur,Mumpi,98453
Papua Barat,Sorong,Klawak,Ayolokle,98453
Papua Barat,Sorong,Seget,Wasingsan,98452
Papua Barat,Sorong,Seget,Wayenkede,98452
Papua Barat,Sorong,Segun,Gisim,98452
Papua Barat,Sorong,Salawati Selatan,Dulbatan,98452
Papua Barat,Sorong,Salawati Selatan,Duriankari,98452
Papua Barat,Sorong,Moisegen,Klafdalim,98451
Papua Barat,Sorong,Moisegen,Klaforo,98451
Papua Barat,Sorong,Salawati,Katinim,98451
Papua Barat,Sorong,Sorong Timur,Klawalu,98415
Papua Barat,Sorong,Sorong Manoi,Klaligi,98414
Papua Barat,Sorong,Sorong,Klasuur,98414
Papua Barat,Teluk Bintuni,Merdey,Morombuy,98373
Papua Barat,Teluk Bintuni,Merdey,Mogromus,98373
Papua Barat,Teluk Bintuni,Biscoop,Meyorga,98373
Papua Barat,Teluk Bintuni,Biscoop,Ibori,98373
Papua Barat,Teluk Bintuni,Biscoop,Eniba,98373
Papua Barat,Teluk Bintuni,Merdey,Anajero,98373
Papua Barat,Tambrauw,Amberbaken,Serayo,98371
Papua Barat,Tambrauw,Amberbaken,Mangganek (Arupi),98371
Papua Barat,Tambrauw,Mubrani,Meriambeke (Meriambeker),98371
Papua Barat,Teluk Bintuni,Mayado,Meyado (Mayado/Meyabo),98365
Papua Barat,Teluk Bintuni,Moskona Barat,Mejnic (Majnic/Majnik),98365
Papua Barat,Teluk Bintuni,Aranday,Manunggal Karya/Jaya,98365
Papua Barat,Teluk Bintuni,Manimeri,Waraitama,98364
Papua Barat,Teluk Bintuni,Dataran Beimes,Ugdohop,98364
Papua Barat,Teluk Bintuni,Wamesa (Idoor),Wamesa I â€“ Idoor,98364
Papua Barat,Teluk Bintuni,Dataran Beimes,Cumnaji,98364
Papua Barat,Teluk Bintuni,Dataran Beimes,Horna (Homa),98364
Papua Barat,Teluk Bintuni,Bintuni,Bintuni Timur,98364
Papua Barat,Teluk Bintuni,Kaitaro,Suga,98363
Papua Barat,Teluk Bintuni,Kuri,Sarbe,98363
Papua Barat,Teluk Bintuni,Kaitaro,Sara,98363
Papua Barat,Teluk Wondama,Roon,Yende,98362
Papua Barat,Teluk Wondama,Naikere (Wasior Barat),Wosimi (Wosimo),98362
Papua Barat,Teluk Wondama,Naikere (Wasior Barat),Yabore,98362
Papua Barat,Teluk Wondama,Roon,Sariay,98362
Papua Barat,Teluk Wondama,Wasior,Ramiki,98362
Papua Barat,Teluk Wondama,Rasiei,Rasiey (Rasiei),98362
Papua Barat,Teluk Wondama,Roon,Inday,98362
Papua Barat,Teluk Wondama,Kuri Wamesa,Dusner,98362
Papua Barat,Teluk Wondama,Wasior,Dotir,98362
Papua Barat,Teluk Wondama,Roswar,Syeiwar,98361
Papua Barat,Teluk Wondama,Windesi,Sombokoro,98361
Papua Barat,Teluk Wondama,Soug Jaya,Siresi,98361
Papua Barat,Pegunungan Arfak,Didohu,Tomsir,98359
Papua Barat,Pegunungan Arfak,Sururey,Sungedes (Sungudes),98359
Papua Barat,Pegunungan Arfak,Didohu,Sneraner (Sneremer),98359
Papua Barat,Pegunungan Arfak,Sururey,Duguhani (Dugahani),98359
Papua Barat,Pegunungan Arfak,Didohu,Gedeira,98359
Papua Barat,Pegunungan Arfak,Didohu,Dugrimog,98359
Papua Barat,Pegunungan Arfak,Menyambouw (Minyambouw),Smainggi (Smaingei/Smanggei),98358
Papua Barat,Pegunungan Arfak,Catubouw,Soudin,98358
Papua Barat,Pegunungan Arfak,Catubouw,Slomiou,98358
Papua Barat,Pegunungan Arfak,Catubouw,Mieicomti (Miey Comty/Mieycomti),98358
Papua Barat,Pegunungan Arfak,Catubouw,Mihij,98358
Papua Barat,Pegunungan Arfak,Menyambouw (Minyambouw),Miconti (Micomti),98358
Papua Barat,Pegunungan Arfak,Menyambouw (Minyambouw),Imbonggun,98358
Papua Barat,Pegunungan Arfak,Catubouw,Imandrigo,98358
Papua Barat,Pegunungan Arfak,Catubouw,Idemai,98358
Papua Barat,Pegunungan Arfak,Menyambouw (Minyambouw),Anggra,98358
Papua Barat,Pegunungan Arfak,Menyambouw (Minyambouw),Aiwou (Aywou),98358
Papua Barat,Pegunungan Arfak,Menyambouw (Minyambouw),Amber,98358
Papua Barat,Pegunungan Arfak,Hingk,Tingkwoikio (Tingwoikiou),98357
Papua Barat,Manokwari,Sidey,Sidey Makmur,98357
Papua Barat,Pegunungan Arfak,Hingk,Sopnyai,98357
Papua Barat,Pegunungan Arfak,Hingk,Minggot (Manggot),98357
Papua Barat,Pegunungan Arfak,Hingk,Minyeimemut (Minyeimemud),98357
Papua Barat,Manokwari,Masni,Meyof II,98357
Papua Barat,Manokwari,Masni,Koyani (Koyami),98357
Papua Barat,Pegunungan Arfak,Hingk,Kisap,98357
Papua Barat,Manokwari,Sidey,Kasi (Kassi),98357
Papua Barat,Manokwari,Prafi,Wasegi/Waseki Indah,98356
Papua Barat,Manokwari,Prafi,Wasegi Pop (Waseki),98356
Papua Barat,Manokwari,Prafi,Wanggonoma,98356
Papua Barat,Manokwari Selatan,Neney (Nenei),Wama,98355
Papua Barat,Manokwari Selatan,Ransiki,Toboo (Tobouw/Tobou),98355
Papua Barat,Manokwari Selatan,Ransiki,Wamcei,98355
Papua Barat,Manokwari Selatan,Momi Waren,Gaya Baru,98355
Papua Barat,Manokwari Selatan,Neney (Nenei),Disi,98355
Papua Barat,Manokwari Selatan,Momi Waren,Dembek,98355
Papua Barat,Pegunungan Arfak,Anggi,Spiyougup,98354
Papua Barat,Pegunungan Arfak,Anggi,Srubey,98354
Papua Barat,Pegunungan Arfak,Taige,Siskedouw (Siskedowo),98354
Papua Barat,Pegunungan Arfak,Anggi,Hungku,98354
Papua Barat,Pegunungan Arfak,Taige,Horeta,98354
Papua Barat,Pegunungan Arfak,Taige,Disura,98354
Papua Barat,Manokwari Selatan,Oransbari,Margorukun,98353
Papua Barat,Manokwari Selatan,Oransbari,Akeju,98353
Papua Barat,Manokwari Selatan,Oransbari,Margomulyo,98353
Papua Barat,Manokwari,Warmare,Dindey,98352
Papua Barat,Manokwari,Manokwari Utara,Yoom II,98315
Papua Barat,Pegunungan Arfak,Testega,Cening,98352
Papua Barat,Manokwari,Tanah Rubuh,Ukopti,98315
Papua Barat,Manokwari,Manokwari Selatan,Sowi,98315
Papua Barat,Manokwari,Manokwari Utara,Tanah Rubu,98315
Papua Barat,Manokwari,Manokwari Utara,Meyes,98315
Papua Barat,Manokwari,Manokwari Utara,Meyunfoka,98315
Papua Barat,Manokwari,Tanah Rubuh,Menyumfoku,98315
Papua Barat,Manokwari,Manokwari Barat,Wosi,98312
Papua Barat,Manokwari,Manokwari Timur,Arowi,98313
Papua Barat,Manokwari,Manokwari Timur,Pasir Putih,98313
Papua Barat,Manokwari,Manokwari Barat,Sanggeng,98312
Papua Barat,Manokwari,Manokwari Barat,Soribo,98312
Papua Barat,Manokwari,Manokwari Barat,Udopi,98312
Papua Barat,Manokwari,Manokwari Barat,Manokwari Barat,98312
Papua Barat,Manokwari,Manokwari Barat,Padarni,98312
Papua Barat,Manokwari,Manokwari Barat,Binirauw (Biniraw),98312
Papua Barat,Manokwari,Manokwari Barat,Inggramui,98312
Papua Barat,Manokwari,Manokwari Timur,Mansinam,98311
Papua Barat,Manokwari,Manokwari Timur,Susweni,98311
Papua Barat,Manokwari,Manokwari Barat,Manokwari Timur,98311
Papua Barat,Manokwari,Manokwari Timur,Ayambori,98311
Papua Barat,Manokwari,Manokwari Timur,Bakaro,98311
Papua Barat,Manokwari,Manokwari Timur,Aipiri,98311
Papua Barat,Fakfak,Fakfak Timur,Wayati,98662
Papua Barat,Fakfak,Fakfak Timur,Wayati Barat (Faukia),98662
Papua Barat,Fakfak,Fakfak Timur,Waserat,98662
Papua Barat,Fakfak,Bombarai (Bomberay),Warisa Mulya,98662
Papua Barat,Fakfak,Bombarai (Bomberay),Wawosan,98662
Papua Barat,Fakfak,Fakfak Timur,Urat,98662
Papua Barat,Fakfak,Fakfak Timur,Wambar (Wambrar),98662
Papua Barat,Fakfak,Fakfak Timur,Tunas Gain,98662
Papua Barat,Fakfak,Karas,Tuberwasak,98662
Papua Barat,Fakfak,Bombarai (Bomberay),Tesha,98662
Papua Barat,Fakfak,Bombarai (Bomberay),Tomage,98662
Papua Barat,Fakfak,Karas,Tarak,98662
Papua Barat,Fakfak,Fakfak Timur,Saharei,98662
Papua Barat,Fakfak,Fakfak Timur,Sanggram,98662
Papua Barat,Fakfak,Bombarai (Bomberay),Otoweri,98662
Papua Barat,Fakfak,Bombarai (Bomberay),Pinang Agung,98662
Papua Barat,Fakfak,Bombarai (Bomberay),Mekarsari,98662
Papua Barat,Fakfak,Fakfak Timur,Wayati,98662
Papua Barat,Fakfak,Fakfak Timur,Wayati Barat (Faukia),98662
Papua Barat,Fakfak,Bombarai (Bomberay),Warisa Mulya,98662
Papua Barat,Fakfak,Bombarai (Bomberay),Wawosan,98662
Papua Barat,Fakfak,Fakfak Timur,Waserat,98662
Papua Barat,Fakfak,Fakfak Timur,Urat,98662
Papua Barat,Fakfak,Fakfak Timur,Wambar (Wambrar),98662
Papua Barat,Fakfak,Karas,Tuberwasak,98662
Papua Barat,Fakfak,Fakfak Timur,Tunas Gain,98662
Papua Barat,Fakfak,Bombarai (Bomberay),Tesha,98662
Papua Barat,Fakfak,Bombarai (Bomberay),Tomage,98662
Papua Barat,Fakfak,Karas,Tarak,98662
Papua Barat,Fakfak,Fakfak Timur,Saharei,98662
Papua Barat,Fakfak,Fakfak Timur,Sanggram,98662
Papua Barat,Fakfak,Bombarai (Bomberay),Pinang Agung,98662
Papua Barat,Fakfak,Bombarai (Bomberay),Otoweri,98662
Papua Barat,Fakfak,Bombarai (Bomberay),Mekarsari,98662
Papua Barat,Fakfak,Karas,Malakuli (Tanjung Purkadi),98662
Papua Barat,Fakfak,Fakfak Timur,Kwama,98662
Papua Barat,Fakfak,Fakfak Timur,Kiria Bisa (Air Bisa),98662
Papua Barat,Fakfak,Fakfak Timur,Kotam,98662
Papua Barat,Fakfak,Karas,Kiaba,98662
Papua Barat,Fakfak,Fakfak Timur,Kalamanuk,98662
Papua Barat,Fakfak,Karas,Faur,98662
Papua Barat,Fakfak,Bombarai (Bomberay),Bumimoroh Indah,98662
Papua Barat,Fakfak,Karas,Antalisa,98662
Papua Barat,Fakfak,Fakfak Barat,Werpigan,98661
Papua Barat,Fakfak,Fakfak Barat,Wurkendik,98661
Papua Barat,Fakfak,Fakfak Barat,Werba,98661
Papua Barat,Fakfak,Teluk Patipi,Werfa (Werfra),98661
Papua Barat,Fakfak,Fakfak Barat,Wartutin,98661
Papua Barat,Fakfak,Fakfak Barat,Werabuan,98661
Papua Barat,Fakfak,Teluk Patipi,Tuimar,98661
Papua Barat,Fakfak,Teluk Patipi,Us,98661
Papua Barat,Fakfak,Teluk Patipi,Tanehamur,98661
Papua Barat,Fakfak,Teluk Patipi,Tanisapata (Tanisapatu),98661
Papua Barat,Fakfak,Teluk Patipi,Tawar,98661
Papua Barat,Fakfak,Teluk Patipi,Sum,98661
Papua Barat,Fakfak,Teluk Patipi,Salakiti,98661
Papua Barat,Fakfak,Fakfak Barat,Siboru,98661
Papua Barat,Fakfak,Fakfak Barat,Sipatnanam,98661
Papua Barat,Fakfak,Fakfak Barat,Purwasak,98661
Papua Barat,Fakfak,Teluk Patipi,Rumbati,98661
Papua Barat,Fakfak,Teluk Patipi,Patipi Pasir,98661
Papua Barat,Fakfak,Teluk Patipi,Patipi Pulau (Nusa),98661
Papua Barat,Fakfak,Teluk Patipi,Puar,98661
Papua Barat,Fakfak,Teluk Patipi,Mawar,98661
Papua Barat,Fakfak,Teluk Patipi,Ofie,98661
Papua Barat,Fakfak,Teluk Patipi,Degen,98661
Papua Barat,Fakfak,Fakfak Barat,Kiat,98661
Papua Barat,Fakfak,Teluk Patipi,Adora,98661
Papua Barat,Kaimana,Buruway,Guriasa,98656
Papua Barat,Kaimana,Buruway,Hia,98656
Papua Barat,Kaimana,Buruway,Kambala,98656
Papua Barat,Kaimana,Buruway,Esania,98656
Papua Barat,Kaimana,Buruway,Gaka,98656
Papua Barat,Kaimana,Buruway,Adijaya,98656
Papua Barat,Kaimana,Buruway,Edor,98656
Papua Barat,Kaimana,Yamor,Wagoha (Wagioha),98655
Papua Barat,Kaimana,Yamor,Wosokuno,98655
Papua Barat,Kaimana,Yamor,Ure (Mury/Uray),98655
Papua Barat,Kaimana,Yamor,Urubika,98655
Papua Barat,Kaimana,Yamor,Omba Pamuku,98655
Papua Barat,Kaimana,Teluk Etna,Rurumo,98655
Papua Barat,Kaimana,Teluk Etna,Siawatan,98655
Papua Barat,Kaimana,Teluk Etna,Nariki,98655
Papua Barat,Kaimana,Yamor,Hairapara,98655
Papua Barat,Kaimana,Teluk Etna,Boiya,98655
Papua Barat,Kaimana,Kambraw (Kamberau),Waho,98654
Papua Barat,Kaimana,Kambraw (Kamberau),Wamesa,98654
Papua Barat,Kaimana,Kaimana,Trikora,98654
Papua Barat,Kaimana,Kambraw (Kamberau),Sermuku (Ubia Sermuku),98654
Papua Barat,Kaimana,Kaimana,Sisir,98654
Papua Barat,Kaimana,Kaimana,Tanggaromi,98654
Papua Barat,Kaimana,Kaimana,Sara,98654
Papua Barat,Kaimana,Kaimana,Saria,98654
Papua Barat,Kaimana,Kaimana,Oray,98654
Papua Barat,Kaimana,Kambraw (Kamberau),Rauna,98654
Papua Barat,Kaimana,Kaimana,Marsi,98654
Papua Barat,Kaimana,Kaimana,Murano,98654
Papua Barat,Kaimana,Kaimana,Namatota,98654
Papua Barat,Kaimana,Kaimana,Lumira,98654
Papua Barat,Kaimana,Kaimana,Mai Mai,98654
Papua Barat,Kaimana,Kaimana,Krooy,98654
Papua Barat,Kaimana,Kaimana,Lobo,98654
Papua Barat,Kaimana,Kaimana,Foroma Jaya,98654
Papua Barat,Kaimana,Kaimana,Jarati,98654
Papua Barat,Kaimana,Kambraw (Kamberau),Bahumia,98654
Papua Barat,Kaimana,Kaimana,Coa,98654
Papua Barat,Kaimana,Teluk Arguni Atas,Weswasa,98653
Papua Barat,Kaimana,Teluk Arguni Bawah (Yerusi),Wermenu,98653
Papua Barat,Kaimana,Teluk Arguni Atas,Warua,98653
Papua Barat,Kaimana,Teluk Arguni Atas,Warwasi,98653
Papua Barat,Kaimana,Teluk Arguni Bawah (Yerusi),Wanoma,98653
Papua Barat,Kaimana,Teluk Arguni Bawah (Yerusi),Waromi,98653
Papua Barat,Kaimana,Teluk Arguni Atas,Wainaga,98653
Papua Barat,Kaimana,Teluk Arguni Bawah (Yerusi),Urisa,98653
Papua Barat,Kaimana,Teluk Arguni Atas,Wanggita,98653
Papua Barat,Kaimana,Teluk Arguni Atas,Turgani (Tugarni),98653
Papua Barat,Kaimana,Teluk Arguni Bawah (Yerusi),Ukiara,98653
Papua Barat,Kaimana,Teluk Arguni Atas,Tuguwara,98653
Papua Barat,Kaimana,Teluk Arguni Atas,Tiwara,98653
Papua Barat,Kaimana,Teluk Arguni Atas,Sawi (Sawia),98653
Papua Barat,Kaimana,Teluk Arguni Atas,Sawatewera (Sawatawera),98653
Papua Barat,Kaimana,Teluk Arguni Bawah (Yerusi),Ruwara,98653
Papua Barat,Kaimana,Teluk Arguni Atas,Pigo,98653
Papua Barat,Kaimana,Teluk Arguni Bawah (Yerusi),Nagura,98653
Papua Barat,Kaimana,Teluk Arguni Atas,Moyana,98653
Papua Barat,Kaimana,Teluk Arguni Atas,Maskur,98653
Papua Barat,Kaimana,Teluk Arguni Bawah (Yerusi),Kufuriyai,98653
Papua Barat,Kaimana,Teluk Arguni Bawah (Yerusi),Manggera,98653
Papua Barat,Kaimana,Teluk Arguni Atas,Kokoroba,98653
Papua Barat,Kaimana,Teluk Arguni Atas,Kensi (Kasira),98653
Papua Barat,Kaimana,Teluk Arguni Bawah (Yerusi),Inari,98653
Papua Barat,Kaimana,Teluk Arguni Bawah (Yerusi),Jawera,98653
Papua Barat,Kaimana,Teluk Arguni Atas,Gusi,98653
Papua Barat,Kaimana,Teluk Arguni Atas,Furnusu (Fumusu),98653
Papua Barat,Kaimana,Teluk Arguni Atas,Fudima,98653
Papua Barat,Kaimana,Teluk Arguni Atas,Feternu (Fetermu),98653
Papua Barat,Kaimana,Teluk Arguni Atas,Borogerba,98653
Papua Barat,Kaimana,Teluk Arguni Atas,Bayeda,98653
Papua Barat,Kaimana,Teluk Arguni Atas,Afuafu,98653
Papua Barat,Fakfak,Kokas,Wos,98652
Papua Barat,Fakfak,Kramongmongga (Kramamongga),Wargep,98652
Papua Barat,Fakfak,Kokas,Waremu,98652
Papua Barat,Fakfak,Kokas,Wagap,98652
Papua Barat,Fakfak,Kokas,Wabung,98652
Papua Barat,Fakfak,Kokas,Ugar,98652
Papua Barat,Fakfak,Kramongmongga (Kramamongga),Ubadari,98652
Papua Barat,Fakfak,Kokas,Sisir,98652
Papua Barat,Fakfak,Kokas,Sekar,98652
Papua Barat,Fakfak,Kramongmongga (Kramamongga),Rangkendak,98652
Papua Barat,Fakfak,Kramongmongga (Kramamongga),Pikpik,98652
Papua Barat,Fakfak,Kramongmongga (Kramamongga),Pattukar,98652
Papua Barat,Fakfak,Kokas,Patimburak,98652
Papua Barat,Fakfak,Kokas,Mitimber,98652
Papua Barat,Fakfak,Kokas,Mandoni,98652
Papua Barat,Fakfak,Kramongmongga (Kramamongga),Mananmur,98652
Papua Barat,Fakfak,Kokas,Mambunibuni,98652
Papua Barat,Fakfak,Kramongmongga (Kramamongga),Mamur,98652
Papua Barat,Fakfak,Kramongmongga (Kramamongga),Kuagas,98652
Papua Barat,Fakfak,Kramongmongga (Kramamongga),Kwamkwamur,98652
Papua Barat,Fakfak,Kokas,Kriawaswas,98652
Papua Barat,Fakfak,Kramongmongga (Kramamongga),Kramongmongga,98652
Papua Barat,Fakfak,Kokas,Kokas Kota,98652
Papua Barat,Maybrat,Aifat,Kokas,98652
Papua Barat,Fakfak,Kokas,Kinam,98652
Papua Barat,Fakfak,Kramongmongga (Kramamongga),Kayuni,98652
Papua Barat,Fakfak,Kokas,Kampung Baru,98652
Papua Barat,Fakfak,Kramongmongga (Kramamongga),Kaburbur,98652
Papua Barat,Fakfak,Kokas,Goras,98652
Papua Barat,Fakfak,Kramongmongga (Kramamongga),Homor Kokma,98652
Papua Barat,Fakfak,Kokas,Furir,98652
Papua Barat,Fakfak,Kokas,Batufiafas,98652
Papua Barat,Fakfak,Kokas,Darembang,98652
Papua Barat,Fakfak,Kramongmongga (Kramamongga),Bahbadan,98652
Papua Barat,Fakfak,Kokas,Andamata,98652
Papua Barat,Fakfak,Kokas,Arguni,98652
Papua Barat,Fakfak,Fakfak,Wagon Utara,98611
Papua Barat,Fakfak,Fakfak,Wrikapal,98611
Papua Barat,Fakfak,Fakfak,Wagom Selatan,98611
Papua Barat,Fakfak,Fakfak,Tanama,98611
Papua Barat,Fakfak,Fakfak,Torea,98611
Papua Barat,Fakfak,Fakfak,Sekban,98611
Papua Barat,Fakfak,Fakfak,Sekru,98611
Papua Barat,Fakfak,Fakfak Tengah,Pirma,98611
Papua Barat,Fakfak,Fakfak Tengah,Sakartemin,98611
Papua Barat,Fakfak,Fakfak Tengah,Pasir Putih,98611
Papua Barat,Fakfak,Fakfak Tengah,Mandopma,98611
Papua Barat,Fakfak,Fakfak Tengah,Nemiwikarya (Nemewi Karya),98611
Papua Barat,Fakfak,Fakfak,Kapartutin,98611
Papua Barat,Fakfak,Fakfak Tengah,Kaduria (Raduria),98611
Papua Barat,Fakfak,Fakfak Tengah,Kanantare,98611
Papua Barat,Fakfak,Fakfak,Fak Fak Utara,98611
Papua Barat,Fakfak,Fakfak,Gewerpe,98611
Papua Barat,Fakfak,Fakfak,Dulanpokpok,98611
Papua Barat,Fakfak,Fakfak,Fak Fak Selatan,98611
Papua Barat,Fakfak,Fakfak Tengah,Brongkendik,98611
Papua Barat,Fakfak,Fakfak Tengah,Dana Weria,98611
Papua Barat,Fakfak,Fakfak Tengah,Air Besar,98611
Papua Barat,Raja Ampat,Batanta Utara,Yensawai Timur,98484
Papua Barat,Raja Ampat,Batanta Selatan,Yenanas,98484
Papua Barat,Raja Ampat,Batanta Utara,Yensawai Barat,98484
Papua Barat,Raja Ampat,Salawati Utara (Samate),Wamega,98484
Papua Barat,Raja Ampat,Salawati Tengah,Waimeci,98484
Papua Barat,Raja Ampat,Batanta Selatan,Waiman,98484
Papua Barat,Raja Ampat,Salawati Tengah,Wailen,98484
Papua Barat,Raja Ampat,Salawati Utara (Samate),Waidim,98484
Papua Barat,Raja Ampat,Salawati Barat,Waibon,98484
Papua Barat,Raja Ampat,Salawati Tengah,Waibu,98484
Papua Barat,Raja Ampat,Salawati Barat,Solol,98484
Papua Barat,Raja Ampat,Salawati Utara (Samate),Samate,98484
Papua Barat,Raja Ampat,Salawati Tengah,Sakabu,98484
Papua Barat,Raja Ampat,Salawati Utara (Samate),Kapatlap,98484
Papua Barat,Raja Ampat,Salawati Tengah,Kalobo,98484
Papua Barat,Raja Ampat,Salawati Barat,Kalwal,98484
Papua Barat,Raja Ampat,Salawati Barat,Kaliam,98484
Papua Barat,Raja Ampat,Salawati Utara (Samate),Jefman Barat,98484
Papua Barat,Raja Ampat,Salawati Utara (Samate),Jefman Timur,98484
Papua Barat,Raja Ampat,Batanta Utara,Arefi Timur,98484
Papua Barat,Raja Ampat,Batanta Selatan,Amdui,98484
Papua Barat,Raja Ampat,Batanta Utara,Arefi Selatan,98484
Papua Barat,Raja Ampat,Misool Selatan,Yellu,98483
Papua Barat,Raja Ampat,Kepulauan Sembilan,Wejim Barat,98483
Papua Barat,Raja Ampat,Misool Selatan,Usaha Jaya,98483
Papua Barat,Raja Ampat,Misool Timur,Tomolol,98483
Papua Barat,Raja Ampat,Misool (Misool Utara),Tomolol,98483
Papua Barat,Raja Ampat,Kofiau,Tolabi (Tolobi),98483
Papua Barat,Raja Ampat,Kepulauan Sembilan,Satukurano,98483
Papua Barat,Raja Ampat,Misool (Misool Utara),Satukorano (Sato Kurana),98483
Papua Barat,Raja Ampat,Kepulauan Sembilan,Pulau Tikus,98483
Papua Barat,Raja Ampat,Kofiau,Mikiran,98483
Papua Barat,Raja Ampat,Misool Barat,Magey,98483
Papua Barat,Raja Ampat,Misool Timur,Limalas Barat,98483
Papua Barat,Raja Ampat,Misool Timur,Limalas Timur,98483
Papua Barat,Raja Ampat,Misool Barat,Lilinta,98483
Papua Barat,Raja Ampat,Misool (Misool Utara),Lenmalas,98483
Papua Barat,Raja Ampat,Misool Barat,Kapatcol,98483
Papua Barat,Raja Ampat,Misool Selatan,Harapan Jaya,98483
Papua Barat,Raja Ampat,Misool Barat,Gamta,98483
Papua Barat,Raja Ampat,Misool Timur,Folley,98483
Papua Barat,Raja Ampat,Kofiau,Deer,98483
Papua Barat,Raja Ampat,Misool Selatan,Dabatan,98483
Papua Barat,Raja Ampat,Misool Barat,Biga,98483
Papua Barat,Raja Ampat,Kofiau,Awat,98483
Papua Barat,Raja Ampat,Misool Timur,Audam,98483
Papua Barat,Raja Ampat,Meos Mansar,Yenwaupnoor (Yenwaupnor),98482
Papua Barat,Raja Ampat,Waigeo Timur,Yensener (Yesner),98482
Papua Barat,Raja Ampat,Meos Mansar,Yenbuba,98482
Papua Barat,Raja Ampat,Waigeo Selatan,Yenbeser,98482
Papua Barat,Raja Ampat,Meos Mansar,Yembekwan,98482
Papua Barat,Raja Ampat,Waigeo Timur,Yembekaki,98482
Papua Barat,Raja Ampat,Waigeo Selatan,Wawiyai,98482
Papua Barat,Raja Ampat,Teluk Mayalibit,Warsamdin,98482
Papua Barat,Raja Ampat,Kota Waisai,Warmasen,98482
Papua Barat,Raja Ampat,Tiplol Mayalibit,Warimak,98482
Papua Barat,Raja Ampat,Kota Waisai,Waisai,98482
Papua Barat,Raja Ampat,Tiplol Mayalibit,Waifoi,98482
Papua Barat,Raja Ampat,Meos Mansar,Sawandarek,98482
Papua Barat,Raja Ampat,Kota Waisai,Sapordanco,98482
Papua Barat,Raja Ampat,Waigeo Timur,Puper,98482
Papua Barat,Raja Ampat,Waigeo Selatan,Saonek,98482
Papua Barat,Raja Ampat,Teluk Mayalibit,Mumes,98482
Papua Barat,Raja Ampat,Teluk Mayalibit,Lopintol,98482
Papua Barat,Raja Ampat,Meos Mansar,Kurkapa,98482
Papua Barat,Raja Ampat,Teluk Mayalibit,Kalitoko,98482
Papua Barat,Raja Ampat,Meos Mansar,Kapisawar,98482
Papua Barat,Raja Ampat,Tiplol Mayalibit,Kabilol,98482
Papua Barat,Raja Ampat,Meos Mansar,Kabuy (Kabui),98482
Papua Barat,Raja Ampat,Tiplol Mayalibit,Go,98482
Papua Barat,Raja Ampat,Waigeo Selatan,Friwen,98482
Papua Barat,Raja Ampat,Kota Waisai,Bonwakir,98482
Papua Barat,Raja Ampat,Tiplol Mayalibit,Arway,98482
Papua Barat,Raja Ampat,Tiplol Mayalibit,Beo,98482
Papua Barat,Raja Ampat,Meos Mansar,Arborek,98482
Papua Barat,Raja Ampat,Waigeo Barat,Waisilip,98481
Papua Barat,Raja Ampat,Waigeo Barat Kepulauan,Saupapir,98481
Papua Barat,Raja Ampat,Supnin,Urai,98481
Papua Barat,Raja Ampat,Waigeo Barat,Selpele,98481
Papua Barat,Raja Ampat,Waigeo Barat Kepulauan,Saukabu,98481
Papua Barat,Raja Ampat,Waigeo Barat,Saleo,98481
Papua Barat,Raja Ampat,Ayau,Rutum,98481
Papua Barat,Raja Ampat,Kepulauan Ayau,Rutum,98481
Papua Barat,Raja Ampat,Ayau,Reni,98481
Papua Barat,Raja Ampat,Kepulauan Ayau,Reni,98481
Papua Barat,Raja Ampat,Supnin,Rauki,98481
Papua Barat,Raja Ampat,Waigeo Barat Kepulauan,Pam,98481
Papua Barat,Raja Ampat,Warwabomi,Mnier,98481
Papua Barat,Raja Ampat,Waigeo Barat,Mutus,98481
Papua Barat,Raja Ampat,Ayau,Meosbekwan,98481
Papua Barat,Raja Ampat,Kepulauan Ayau,Meosbekwan,98481
Papua Barat,Raja Ampat,Waigeo Barat Kepulauan,Meosmanggara,98481
Papua Barat,Raja Ampat,Waigeo Utara,Kabare,98481
Papua Barat,Raja Ampat,Waigeo Barat Kepulauan,Gag,98481
Papua Barat,Raja Ampat,Supnin,Duber,98481
Papua Barat,Raja Ampat,Kepulauan Ayau,Doreker (Dorekar),98481
Papua Barat,Raja Ampat,Waigeo Utara,Darumbab,98481
Papua Barat,Raja Ampat,Waigeo Utara,Bonsayor,98481
Papua Barat,Raja Ampat,Warwabomi,Boni,98481
Papua Barat,Raja Ampat,Waigeo Barat,Bianci,98481
Papua Barat,Raja Ampat,Waigeo Utara,Andey,98481
Papua Barat,Raja Ampat,Waigeo Utara,Asukweri,98481
Papua Barat,Raja Ampat,Ayau,Abidon,98481
Papua Barat,Tambrauw,Yembun,Sumbekas,98474
Papua Barat,Tambrauw,Yembun,Syarwom,98474
Papua Barat,Tambrauw,Yembun,Metbesa,98474
Papua Barat,Tambrauw,Yembun,Baun (Baum),98474
Papua Barat,Tambrauw,Yembun,Mefnanyam (Metnayam),98474
Papua Barat,Tambrauw,Yembun,Metbelum,98474
Papua Barat,Tambrauw,Abun,Weyaf,98473
Papua Barat,Tambrauw,Sausapor,Werwaf,98473
Papua Barat,Tambrauw,Sausapor,Wertam,98473
Papua Barat,Tambrauw,Sausapor,Werur,98473
Papua Barat,Tambrauw,Sausapor,Werur Besar,98473
Papua Barat,Tambrauw,Fef (Peef),Wayo,98473
Papua Barat,Tambrauw,Abun,Wau,98473
Papua Barat,Tambrauw,Sausapor,Uigwem,98473
Papua Barat,Tambrauw,Abun,Waibem (Waiben),98473
Papua Barat,Tambrauw,Abun,Warmandi,98473
Papua Barat,Tambrauw,Kwoor,Syumbab,98473
Papua Barat,Tambrauw,Miyah (Meyah),Tabamsere,98473
Papua Barat,Tambrauw,Kwoor,Syukwes,98473
Papua Barat,Tambrauw,Syujak,Syujak (Sujak),98473
Papua Barat,Tambrauw,Kwoor,Syuau,98473
Papua Barat,Tambrauw,Fef (Peef),Syubun,98473
Papua Barat,Tambrauw,Syujak,Soon,98473
Papua Barat,Tambrauw,Miyah (Meyah),Ruf,98473
Papua Barat,Tambrauw,Abun,Saubeba,98473
Papua Barat,Tambrauw,Miyah (Meyah),Miri/ Ibiah,98473
Papua Barat,Tambrauw,Miyah (Meyah),Revewes (Ruvewes),98473
Papua Barat,Tambrauw,Kwoor,Kwoor,98473
Papua Barat,Tambrauw,Fef (Peef),Mawor,98473
Papua Barat,Tambrauw,Miyah (Meyah),Meis,98473
Papua Barat,Tambrauw,Kwoor,Krisnos,98473
Papua Barat,Tambrauw,Kwoor,Kwesefo (Kosefa),98473
Papua Barat,Tambrauw,Kwoor,Kranfotsu,98473
Papua Barat,Tambrauw,Sausapor,Jokte,98473
Papua Barat,Tambrauw,Syujak,Iof,98473
Papua Barat,Tambrauw,Kwoor,Hopmare,98473
Papua Barat,Tambrauw,Fef (Peef),Fef,98473
Papua Barat,Tambrauw,Syujak,Frafane,98473
Papua Barat,Tambrauw,Sausapor,Bikar,98473
Papua Barat,Tambrauw,Sausapor,Emaos,98473
Papua Barat,Tambrauw,Miyah (Meyah),Ayae,98473
Papua Barat,Tambrauw,Fef (Peef),Ases,98473
Papua Barat,Tambrauw,Miyah (Meyah),Aibogiar,98473
Papua Barat,Sorong,Maudus,Suluh,98472
Papua Barat,Sorong,Maudus,Warbo,98472
Papua Barat,Tambrauw,Moraid,Siwis,98472
Papua Barat,Sorong,Klaso,Siwis,98472
Papua Barat,Tambrauw,Moraid,Sengkeduk (Saengkeduk),98472
Papua Barat,Sorong,Klaso,Selekobo,98472
Papua Barat,Tambrauw,Moraid,Salewok (Selewok),98472
Papua Barat,Tambrauw,Moraid,Selekebu (Selekopi),98472
Papua Barat,Sorong,Klaso,Miskum,98472
Papua Barat,Sorong,Klaso,Saengkeduk,98472
Papua Barat,Sorong,Maudus,Masos,98472
Papua Barat,Tambrauw,Moraid,Mega,98472
Papua Barat,Sorong,Maudus,Klatim,98472
Papua Barat,Sorong,Maudus,Luwelala,98472
Papua Barat,Sorong,Maudus,Ketawas,98472
Papua Barat,Sorong,Maudus,Dasri,98472
Papua Barat,Tambrauw,Moraid,Dela (Della),98472
Papua Barat,Sorong,Makbon,Sawatuk,98471
Papua Barat,Sorong,Makbon,Teluk Dore,98471
Papua Barat,Sorong,Sayosa,Sailala,98471
Papua Barat,Sorong,Sayosa,Saluk,98471
Papua Barat,Sorong,Klayili,Malalilis,98471
Papua Barat,Sorong,Makbon,Malaumkarta,98471
Papua Barat,Sorong,Sayosa,Maladofok,98471
Papua Barat,Sorong,Klayili,Malakobutu,98471
Papua Barat,Sorong,Makbon,Makbon,98471
Papua Barat,Sorong,Sayosa,Luwelala (Suwelala),98471
Papua Barat,Sorong,Klayili,Kwakeik,98471
Papua Barat,Sorong,Klayili,Klayali,98471
Papua Barat,Sorong,Makbon,Kuadas (Kwadas),98471
Papua Barat,Sorong,Sayosa,Klatin (Klatim),98471
Papua Barat,Sorong,Sayosa,Batu Payung,98471
Papua Barat,Sorong,Makbon,Batu Lubang/Lobang,98471
Papua Barat,Sorong,Makbon,Batu Lubang/Lobang Pantai,98471
Papua Barat,Sorong,Makbon,Asbaken,98471
Papua Barat,Sorong,Makbon,Bainkete,98471
Papua Barat,Maybrat,Aifat Selatan,Yeek,98463
Papua Barat,Maybrat,Aifat Utara,Yarat,98463
Papua Barat,Maybrat,Aifat Utara,Yarat Timur,98463
Papua Barat,Maybrat,Aifat Timur Selatan,Womba,98463
Papua Barat,Maybrat,Aifat Timur Selatan,Wormu,98463
Papua Barat,Maybrat,Aifat,Werjaya,98463
Papua Barat,Maybrat,Aifat Utara,Wayane,98463
Papua Barat,Maybrat,Aifat Timur Selatan,Winuni,98463
Papua Barat,Maybrat,Aifat Selatan,Tolak,98463
Papua Barat,Maybrat,Aifat Timur,Wakom,98463
Papua Barat,Maybrat,Aifat Timur Selatan,Warba,98463
Papua Barat,Maybrat,Aifat Timur Tengah,Tiam,98463
Papua Barat,Maybrat,Aifat,Tahahite,98463
Papua Barat,Maybrat,Aifat,Sunei,98463
Papua Barat,Maybrat,Aifat Utara,Susai,98463
Papua Barat,Maybrat,Aifat Timur Selatan,Srumate,98463
Papua Barat,Maybrat,Aifat,Sikof,98463
Papua Barat,Maybrat,Aifat Selatan,Sorry,98463
Papua Barat,Maybrat,Aifat Timur,Sawin,98463
Papua Barat,Maybrat,Aifat Timur Tengah,Saud,98463
Papua Barat,Maybrat,Aifat Timur,Sanem,98463
Papua Barat,Maybrat,Aifat Timur Jauh,Sasior Nafe,98463
Papua Barat,Maybrat,Aifat Selatan,Same Rakator,98463
Papua Barat,Maybrat,Aifat,Sampika,98463
Papua Barat,Maybrat,Aifat Selatan,Roma,98463
Papua Barat,Maybrat,Aifat Selatan,Sabah,98463
Papua Barat,Maybrat,Aifat Timur,Sabah,98463
Papua Barat,Maybrat,Aifat Utara,Raha,98463
Papua Barat,Maybrat,Aifat Timur Tengah,Pitor,98463
Papua Barat,Maybrat,Aifat Utara,Mosun Timur,98463
Papua Barat,Maybrat,Aifat Utara,Mosun Utara,98463
Papua Barat,Maybrat,Aifat Utara,Mosun,98463
Papua Barat,Maybrat,Aifat Timur Selatan,Makiri,98463
Papua Barat,Maybrat,Aifat Timur Jauh,Mesyam,98463
Papua Barat,Maybrat,Aifat Utara,Man,98463
Papua Barat,Maybrat,Aifat,Kumurkek Barat,98463
Papua Barat,Maybrat,Aifat,Kumurkek,98463
Papua Barat,Maybrat,Aifat Selatan,Krus,98463
Papua Barat,Maybrat,Aifat Utara,Konja Barat,98463
Papua Barat,Maybrat,Aifat,Konja,98463
Papua Barat,Maybrat,Aifat Utara,Konja,98463
Papua Barat,Maybrat,Aifat,Kocuas Utara,98463
Papua Barat,Maybrat,Aifat,Kocuwer,98463
Papua Barat,Maybrat,Aifat,Kocuwer Selatan,98463
Papua Barat,Maybrat,Aifat Timur Tengah,Kamat,98463
Papua Barat,Maybrat,Aifat Selatan,Kisor,98463
Papua Barat,Maybrat,Aifat Selatan,Imsun,98463
Papua Barat,Maybrat,Aifat Utara,Howait,98463
Papua Barat,Maybrat,Aifat,Futon,98463
Papua Barat,Maybrat,Aifat Utara,Haenkanes,98463
Papua Barat,Maybrat,Aifat Timur,Fuog,98463
Papua Barat,Maybrat,Aifat Selatan,Fuog,98463
Papua Barat,Maybrat,Aifat Selatan,Fuog Selatan,98463
Papua Barat,Maybrat,Aifat,Frawebo,98463
Papua Barat,Maybrat,Aifat Timur Jauh,Framneway,98463
Papua Barat,Maybrat,Aifat Timur Tengah,Frambu,98463
Papua Barat,Maybrat,Aifat Utara,Fonatu,98463
Papua Barat,Maybrat,Aifat,Faitmayaf,98463
Papua Barat,Maybrat,Aifat,Faitmayat Barat,98463
Papua Barat,Maybrat,Aifat Timur Tengah,Faan,98463
Papua Barat,Maybrat,Aifat Timur,Buoh Sa,98463
Papua Barat,Maybrat,Aifat Utara,Ayawasi Timur,98463
Papua Barat,Maybrat,Aifat,Bori,98463
Papua Barat,Maybrat,Aifat Timur Tengah,Ayata,98463
Papua Barat,Maybrat,Aifat Selatan,Awet Main,98463
Papua Barat,Maybrat,Aifat Timur Tengah,Assem,98463
Papua Barat,Maybrat,Aifat Selatan,Asiaf Zaman,98463
Papua Barat,Maybrat,Aifat Timur Jauh,Akingging,98463
Papua Barat,Maybrat,Aifat Timur Tengah,Aiwesa,98463
Papua Barat,Maybrat,Aifat,Aisyo,98463
Papua Barat,Maybrat,Aifat Timur,Aitrem,98463
Papua Barat,Maybrat,Aifat,Ainod,98463
Papua Barat,Maybrat,Aifat Timur,Aisa,98463
Papua Barat,Maybrat,Aifat Timur Jauh,Ainesra,98463
Papua Barat,Maybrat,Aifat Timur Jauh,Aimau,98463
Papua Barat,Maybrat,Aifat Timur Tengah,Aikus,98463
Papua Barat,Maybrat,Aifat Timur,Aikrer,98463
Papua Barat,Maybrat,Aifat Timur Tengah,Aifam,98463
Papua Barat,Maybrat,Aitinyo Raya,Yumame,98462
Papua Barat,Maybrat,Aitinyo Tengah,Wrait U,98462
Papua Barat,Maybrat,Aitinyo Tengah,Tohmri,98462
Papua Barat,Maybrat,Aitinyo Tengah,Way U,98462
Papua Barat,Maybrat,Aitinyo Utara,Tehak Tee,98462
Papua Barat,Maybrat,Aitinyo,Tehak Kecil,98462
Papua Barat,Maybrat,Aitinyo Utara,Tehak Besar,98462
Papua Barat,Maybrat,Aitinyo,Sumanis,98462
Papua Barat,Maybrat,Aitinyo Utara,Subrit,98462
Papua Barat,Maybrat,Aitinyo,Subin,98462
Papua Barat,Maybrat,Aitinyo,Sris,98462
Papua Barat,Maybrat,Aitinyo Raya,Srirtabam,98462
Papua Barat,Maybrat,Aitinyo,Sowai Sau,98462
Papua Barat,Maybrat,Aitinyo Barat,Siyo,98462
Papua Barat,Maybrat,Aitinyo Tengah,Sira Tee,98462
Papua Barat,Maybrat,Aitinyo,Sira Aya,98462
Papua Barat,Maybrat,Aitinyo Raya,Sarimo,98462
Papua Barat,Maybrat,Aitinyo Tengah,Sira,98462
Papua Barat,Maybrat,Aitinyo Tengah,Sabun,98462
Papua Barat,Maybrat,Aitinyo,Kamro Selatan,98462
Papua Barat,Maybrat,Aitinyo,Kamro,98462
Papua Barat,Maybrat,Aitinyo Barat,Kambufatem Utara,98462
Papua Barat,Maybrat,Aitinyo Raya,Kambusabo,98462
Papua Barat,Maybrat,Aitinyo Barat,Kambufatem,98462
Papua Barat,Maybrat,Aitinyo Raya,Jitmau Timur,98462
Papua Barat,Maybrat,Aitinyo Raya,Jitmau,98462
Papua Barat,Maybrat,Aitinyo Tengah,Itigah,98462
Papua Barat,Maybrat,Aitinyo Raya,Isir,98462
Papua Barat,Maybrat,Aitinyo,Irohmrar,98462
Papua Barat,Maybrat,Aitinyo Utara,Inta,98462
Papua Barat,Maybrat,Aitinyo Tengah,Iroh Sohser,98462
Papua Barat,Maybrat,Aitinyo Raya,Ikuf Utara,98462
Papua Barat,Maybrat,Aitinyo Raya,Ikuf,98462
Papua Barat,Maybrat,Aitinyo,Ihore,98462
Papua Barat,Maybrat,Aitinyo,Ibasuf,98462
Papua Barat,Maybrat,Aitinyo Barat,Hosyo Ata,98462
Papua Barat,Maybrat,Aitinyo Utara,Fategomi,98462
Papua Barat,Maybrat,Aitinyo Utara,Framafir,98462
Papua Barat,Maybrat,Aitinyo Barat,Fatem,98462
Papua Barat,Maybrat,Aitinyo Barat,Fatase,98462
Papua Barat,Maybrat,Aitinyo Raya,Faithowes,98462
Papua Barat,Maybrat,Aitinyo Utara,Fan,98462
Papua Barat,Maybrat,Aitinyo Tengah,Eway,98462
Papua Barat,Maybrat,Aitinyo Tengah,Erokwero,98462
Papua Barat,Maybrat,Aitinyo Utara,Bohwat,98462
Papua Barat,Maybrat,Aitinyo Tengah,Awit,98462
Papua Barat,Maybrat,Aitinyo,Bofait,98462
Papua Barat,Maybrat,Aitinyo Tengah,Asnaif,98462
Papua Barat,Maybrat,Aitinyo Utara,Asmuruf Tee,98462
Papua Barat,Maybrat,Aitinyo Utara,Asmuruf U,98462
Papua Barat,Maybrat,Aitinyo,Afkrem,98462
Papua Barat,Maybrat,Aitinyo,Aitinyo,98462
Papua Barat,Maybrat,Ayamaru Jaya,Woman,98461
Papua Barat,Maybrat,Mare Selatan,Waren I,98461
Papua Barat,Maybrat,Mare,Wabam,98461
Papua Barat,Maybrat,Mare Selatan,Uri,98461
Papua Barat,Maybrat,Ayamaru Tengah,Tut,98461
Papua Barat,Maybrat,Ayamaru,Tuso,98461
Papua Barat,Maybrat,Ayamaru,Twer,98461
Papua Barat,Maybrat,Ayamaru Jaya,Temel,98461
Papua Barat,Maybrat,Ayamaru Utara Timur,Tomase,98461
Papua Barat,Maybrat,Ayamaru Utara,Tehak Tee,98461
Papua Barat,Maybrat,Ayamaru Barat,Tbo,98461
Papua Barat,Maybrat,Ayamaru Utara Timur,Suwiam,98461
Papua Barat,Maybrat,Ayamaru Utara,Tehak Besar,98461
Papua Barat,Maybrat,Ayamaru Selatan Jaya,Sufu,98461
Papua Barat,Maybrat,Mare,Suswa,98461
Papua Barat,Maybrat,Ayamaru Jaya,Sosian,98461
Papua Barat,Maybrat,Ayamaru Utara,Subrit,98461
Papua Barat,Maybrat,Ayamaru Barat,Sorowan,98461
Papua Barat,Maybrat,Ayamaru Selatan,Simiyah,98461
Papua Barat,Maybrat,Ayamaru Barat,Sien,98461
Papua Barat,Maybrat,Ayamaru Selatan,Sfarare,98461
Papua Barat,Maybrat,Ayamaru Barat,Sfacko,98461
Papua Barat,Maybrat,Ayamaru Barat,Sfakraka,98461
Papua Barat,Maybrat,Ayamaru Selatan,Seneh,98461
Papua Barat,Maybrat,Mare,Seya,98461
Papua Barat,Maybrat,Ayamaru Selatan,Sembaro,98461
Papua Barat,Maybrat,Ayamaru Tengah,Semu,98461
Papua Barat,Maybrat,Ayamaru Barat,Sehu,98461
Papua Barat,Maybrat,Ayamaru Jaya,Segior,98461
Papua Barat,Maybrat,Ayamaru Timur,Sefayit,98461
Papua Barat,Maybrat,Mare Selatan,Sawara Jaya,98461
Papua Barat,Maybrat,Mare,Sawo,98461
Papua Barat,Maybrat,Mare Selatan,Sarafambai,98461
Papua Barat,Maybrat,Ayamaru Selatan,Sauf,98461
Papua Barat,Maybrat,Ayamaru Selatan,Sagrim,98461
Papua Barat,Maybrat,Ayamaru Jaya,Rawas,98461
Papua Barat,Maybrat,Ayamaru Jaya,Orain,98461
Papua Barat,Maybrat,Mare Selatan,Nonomi,98461
Papua Barat,Maybrat,Mare,Nafasi,98461
Papua Barat,Maybrat,Mare Selatan,Mopi,98461
Papua Barat,Maybrat,Ayamaru Utara,Mirafan,98461
Papua Barat,Maybrat,Ayamaru Tengah,Men,98461
Papua Barat,Maybrat,Ayamaru Utara Timur,Mapura,98461
Papua Barat,Maybrat,Ayamaru,Mefkajim II,98461
Papua Barat,Maybrat,Ayamaru Selatan,Lemauk Klit,98461
Papua Barat,Maybrat,Ayamaru Timur Selatan,Mano,98461
Papua Barat,Maybrat,Mare,Mahos,98461
Papua Barat,Maybrat,Ayamaru Utara Timur,Kona,98461
Papua Barat,Maybrat,Ayamaru Utara Timur,Kosah,98461
Papua Barat,Maybrat,Ayamaru Selatan,Koma Koma,98461
Papua Barat,Maybrat,Mare,Kombif,98461
Papua Barat,Maybrat,Ayamaru Selatan Jaya,Kofait,98461
Papua Barat,Maybrat,Ayamaru Selatan,Kanisabar,98461
Papua Barat,Maybrat,Mare Selatan,Kanggilo,98461
Papua Barat,Maybrat,Ayamaru Timur Selatan,Kambuskato Utara,98461
Papua Barat,Maybrat,Ayamaru Timur,Kambuaya,98461
Papua Barat,Maybrat,Ayamaru Timur Selatan,Kambuifa,98461
Papua Barat,Maybrat,Ayamaru Timur Selatan,Kambuskato,98461
Papua Barat,Maybrat,Ayamaru Timur Selatan,Isusu,98461
Papua Barat,Maybrat,Ayamaru Selatan Jaya,Isnum,98461
Papua Barat,Maybrat,Ayamaru Tengah,Isme,98461
Papua Barat,Maybrat,Ayamaru Timur,Ismayu,98461
Papua Barat,Maybrat,Ayamaru Timur,Insas,98461
Papua Barat,Maybrat,Ayamaru Utara,Inta,98461
Papua Barat,Maybrat,Ayamaru Tengah,Hufioh,98461
Papua Barat,Maybrat,Ayamaru Timur,Huberita,98461
Papua Barat,Maybrat,Ayamaru Utara,Gohsames,98461
Papua Barat,Maybrat,Ayamaru Selatan,Hawioh,98461
Papua Barat,Maybrat,Ayamaru,Framu,98461
Papua Barat,Maybrat,Ayamaru Tengah,Fiane,98461
Papua Barat,Maybrat,Ayamaru Utara,Fategomi,98461
Papua Barat,Maybrat,Ayamaru Barat,Fanse,98461
Papua Barat,Maybrat,Ayamaru Utara,Fan,98461
Papua Barat,Maybrat,Ayamaru Timur Selatan,Faitwosur,98461
Papua Barat,Maybrat,Ayamaru Timur,Faitsiur,98461
Papua Barat,Maybrat,Ayamaru Selatan Jaya,Faitsimar,98461
Papua Barat,Maybrat,Ayamaru Timur,Faitmajin,98461
Papua Barat,Maybrat,Ayamaru Barat,Chaliat,98461
Papua Barat,Maybrat,Ayamaru Selatan Jaya,Fait Nggre,98461
Papua Barat,Maybrat,Ayamaru Utara,Bohwat,98461
Papua Barat,Maybrat,Ayamaru Tengah,Bawy,98461
Papua Barat,Maybrat,Mare Selatan,Batu Zaman,98461
Papua Barat,Maybrat,Mare,Bakrabi,98461
Papua Barat,Maybrat,Ayamaru,Ayamaru,98461
Papua Barat,Maybrat,Ayamaru Utara,Asmuruf U,98461
Papua Barat,Maybrat,Ayamaru Selatan Jaya,Asses,98461
Papua Barat,Maybrat,Ayamaru Jaya,Adoh,98461
Papua Barat,Sorong,Aimas,Warmon,98457
Papua Barat,Sorong,Mariat,Mariyai,98457
Papua Barat,Sorong,Aimas,Mariat Pantai,98457
Papua Barat,Sorong,Aimas,Mariat Gunung,98457
Papua Barat,Sorong,Aimas,Malawele,98457
Papua Barat,Sorong,Aimas,Malawili,98457
Papua Barat,Sorong,Aimas,Maibo,98457
Papua Barat,Sorong,Aimas,Malasom,98457
Papua Barat,Sorong,Mariat,Klasukuk,98457
Papua Barat,Sorong,Mariat,Klamalu,98457
Papua Barat,Sorong,Mariat,Klamasen,98457
Papua Barat,Sorong,Aimas,Klabinain,98457
Papua Barat,Sorong,Aimas,Klaigit,98457
Papua Barat,Sorong,Aimas,Aimas,98457
Papua Barat,Sorong,Mariat,Klaben,98457
Papua Barat,Sorong Selatan,Sawiat,Wenslolo,98456
Papua Barat,Sorong Selatan,Fokour,Welek,98456
Papua Barat,Sorong Selatan,Sawiat,Ween,98456
Papua Barat,Sorong,Klamono,Wariayau,98456
Papua Barat,Sorong Selatan,Fokour,Wandum,98456
Papua Barat,Sorong Selatan,Sawiat,Sawiat,98456
Papua Barat,Sorong Selatan,Sawiat,Sfakyo,98456
Papua Barat,Sorong Selatan,Sawiat,Sodrofoyo,98456
Papua Barat,Sorong Selatan,Sawiat,Sasnek,98456
Papua Barat,Sorong Selatan,Sawiat,Mlabolo,98456
Papua Barat,Sorong,Klamono,Mlais,98456
Papua Barat,Sorong Selatan,Fokour,Pasir Putih,98456
Papua Barat,Sorong,Klamono,Malajapa,98456
Papua Barat,Sorong,Klamono,Malasigit,98456
Papua Barat,Sorong Selatan,Sawiat,Kofalit,98456
Papua Barat,Sorong,Klamono,Klawana,98456
Papua Barat,Sorong,Klamono,Klamugun,98456
Papua Barat,Sorong,Klamono,Klasman,98456
Papua Barat,Sorong,Klamono,Keladum,98456
Papua Barat,Sorong,Klamono,Klagulu,98456
Papua Barat,Sorong,Klamono,Gisim Darat,98456
Papua Barat,Sorong Selatan,Fokour,Bemus,98456
Papua Barat,Sorong Selatan,Sawiat,Elles,98456
Papua Barat,Sorong Selatan,Sawiat,Alma,98456
Papua Barat,Sorong Selatan,Kais (Matemani Kais),Yahadian,98455
Papua Barat,Sorong Selatan,Inanwatan (Inawatan),Wadoi,98455
Papua Barat,Sorong Selatan,Kokoda Utara,Udagaga,98455
Papua Barat,Sorong Selatan,Matemani,Tawanggire,98455
Papua Barat,Sorong Selatan,Kokoda,Topdan,98455
Papua Barat,Sorong Selatan,Kokoda,Totona,98455
Papua Barat,Sorong Selatan,Kais (Matemani Kais),Tapuri,98455
Papua Barat,Sorong Selatan,Kokoda,Tarof,98455
Papua Barat,Sorong Selatan,Kokoda,Tambani,98455
Papua Barat,Sorong Selatan,Kokoda,Tapas,98455
Papua Barat,Sorong Selatan,Inanwatan (Inawatan),Solta Baru,98455
Papua Barat,Sorong Selatan,Inanwatan (Inawatan),Siri-siri,98455
Papua Barat,Sorong Selatan,Inanwatan (Inawatan),Serkos,98455
Papua Barat,Sorong Selatan,Inanwatan (Inawatan),Sibae,98455
Papua Barat,Sorong Selatan,Matemani,Puragi,98455
Papua Barat,Sorong Selatan,Matemani,Saga,98455
Papua Barat,Sorong Selatan,Inanwatan (Inawatan),Odeare,98455
Papua Barat,Sorong Selatan,Kais (Matemani Kais),Onimsefa,98455
Papua Barat,Sorong Selatan,Matemani,Nusa,98455
Papua Barat,Sorong Selatan,Kokoda,Negeri Besar,98455
Papua Barat,Sorong Selatan,Kokoda,Nayakore,98455
Papua Barat,Sorong Selatan,Kais (Matemani Kais),Mukamat,98455
Papua Barat,Sorong Selatan,Matemani,Mugim,98455
Papua Barat,Sorong Selatan,Kais (Matemani Kais),Mogotemin (Mogatemin),98455
Papua Barat,Sorong Selatan,Inanwatan (Inawatan),Mogibi,98455
Papua Barat,Sorong Selatan,Kokoda,Migrito,98455
Papua Barat,Sorong Selatan,Kokoda,Migori,98455
Papua Barat,Sorong Selatan,Inanwatan (Inawatan),Mate,98455
Papua Barat,Sorong Selatan,Kokoda Utara,Kayubiro,98455
Papua Barat,Sorong Selatan,Kokoda Utara,Kamundan Satu,98455
Papua Barat,Sorong Selatan,Kokoda Utara,Karirif,98455
Papua Barat,Sorong Selatan,Kais (Matemani Kais),Kais,98455
Papua Barat,Sorong Selatan,Kokoda Utara,Kamundan Dua,98455
Papua Barat,Sorong Selatan,Inanwatan (Inawatan),Isogo,98455
Papua Barat,Sorong Selatan,Kais (Matemani Kais),Haemaran (Kurana),98455
Papua Barat,Sorong Selatan,Kais (Matemani Kais),Ikana,98455
Papua Barat,Sorong Selatan,Kokoda,Daimar,98455
Papua Barat,Sorong Selatan,Kokoda,Daubak,98455
Papua Barat,Sorong Selatan,Kokoda Utara,Bubuko,98455
Papua Barat,Sorong Selatan,Kokoda,Birawaku,98455
Papua Barat,Sorong Selatan,Kokoda Utara,Benawa II,98455
Papua Barat,Sorong Selatan,Matemani,Bedare,98455
Papua Barat,Sorong Selatan,Kais (Matemani Kais),Benawa I,98455
Papua Barat,Sorong Selatan,Kokoda,Arbasina,98455
Papua Barat,Sorong Selatan,Kokoda Utara,Atori,98455
Papua Barat,Sorong Selatan,Teminabuan,Wernas,98454
Papua Barat,Sorong Selatan,Teminabuan,Wehali,98454
Papua Barat,Sorong Selatan,Teminabuan,Wermit,98454
Papua Barat,Sorong Selatan,Wayer,Wayer,98454
Papua Barat,Sorong Selatan,Konda,Wamargege,98454
Papua Barat,Sorong Selatan,Wayer,Wardik,98454
Papua Barat,Sorong Selatan,Wayer,Ungi (unggi),98454
Papua Barat,Sorong Selatan,Wayer,Waigo,98454
Papua Barat,Sorong Selatan,Moswaren,Tokass,98454
Papua Barat,Sorong Selatan,Seremuk,Tofot,98454
Papua Barat,Sorong Selatan,Teminabuan,Tegirolo,98454
Papua Barat,Sorong Selatan,Wayer,Sungguer,98454
Papua Barat,Sorong Selatan,Teminabuan,Tapiri,98454
Papua Barat,Sorong Selatan,Seremuk,Srer,98454
Papua Barat,Sorong Selatan,Saifi,Sisir,98454
Papua Barat,Sorong Selatan,Saifi,Sira,98454
Papua Barat,Sorong Selatan,Teminabuan,Seyolo,98454
Papua Barat,Sorong Selatan,Saifi,Sayal,98454
Papua Barat,Sorong Selatan,Teminabuan,Nambro,98454
Papua Barat,Sorong Selatan,Konda,Nagna,98454
Papua Barat,Sorong Selatan,Moswaren,Moswaren,98454
Papua Barat,Sorong Selatan,Saifi,Mlaswat,98454
Papua Barat,Sorong Selatan,Konda,Manelek,98454
Papua Barat,Sorong Selatan,Saifi,Manggroholo,98454
Papua Barat,Sorong Selatan,Konda,Konda,98454
Papua Barat,Sorong Selatan,Saifi,Kwowok,98454
Papua Barat,Sorong Selatan,Teminabuan,Magis,98454
Papua Barat,Sorong Selatan,Saifi,Komanggaret,98454
Papua Barat,Sorong Selatan,Seremuk,Klaogin,98454
Papua Barat,Sorong Selatan,Teminabuan,Keyen,98454
Papua Barat,Sorong Selatan,Teminabuan,Kohoin,98454
Papua Barat,Sorong Selatan,Saifi,Kayabo,98454
Papua Barat,Sorong Selatan,Saifi,Kenaya,98454
Papua Barat,Sorong Selatan,Moswaren,Kamisabe,98454
Papua Barat,Sorong Selatan,Moswaren,Joshiro,98454
Papua Barat,Sorong Selatan,Moswaren,Hararo,98454
Papua Barat,Sorong Selatan,Moswaren,Hasik Jaya,98454
Papua Barat,Sorong Selatan,Seremuk,Haha,98454
Papua Barat,Sorong Selatan,Teminabuan,Gorolo,98454
Papua Barat,Sorong Selatan,Moswaren,Bumi Ajo,98454
Papua Barat,Sorong Selatan,Saifi,Botain,98454
Papua Barat,Sorong Selatan,Wayer,Baldon (Boldon),98454
Papua Barat,Sorong Selatan,Konda,Bariat,98454
Papua Barat,Sorong Selatan,Wayer,Bagraga (Bagaraga),98454
Papua Barat,Sorong Selatan,Teminabuan,Aibobor,98454
Papua Barat,Sorong Selatan,Teminabuan,Ani Sesna,98454
Papua Barat,Sorong,Beraur,Wisbiak,98453
Papua Barat,Sorong,Klawak,Wilty,98453
Papua Barat,Sorong,Beraur,Wanurian,98453
Papua Barat,Sorong,Beraur,Wensi,98453
Papua Barat,Sorong,Klawak,Totjin,98453
Papua Barat,Sorong,Klawak,Mlawen,98453
Papua Barat,Sorong,Klawak,Sas,98453
Papua Barat,Sorong,Klabot,Mlakhan,98453
Papua Barat,Sorong,Klabot,Mlat,98453
Papua Barat,Sorong,Beraur,Klarion,98453
Papua Barat,Sorong,Klawak,Klamne,98453
Papua Barat,Sorong,Klabot,Mimpe,98453
Papua Barat,Sorong,Beraur,Klabra,98453
Papua Barat,Sorong,Klabot,Klais,98453
Papua Barat,Sorong,Beraur,Kaas,98453
Papua Barat,Sorong,Klabot,Klabot,98453
Papua Barat,Sorong,Klawak,Hobard,98453
Papua Barat,Sorong,Klabot,Indiwi,98453
Papua Barat,Sorong,Beraur,Disfra,98453
Papua Barat,Sorong,Klabot,Buk,98453
Papua Barat,Sorong,Beraur,Bagung,98453
Papua Barat,Sorong,Klawak,Brianlo,98453
Papua Barat,Sorong,Seget,Wajin,98452
Papua Barat,Sorong,Salawati Selatan,Waliam,98452
Papua Barat,Sorong,Segun,Segun,98452
Papua Barat,Sorong,Segun,Waimon,98452
Papua Barat,Sorong,Segun,Wainlabat,98452
Papua Barat,Sorong,Seget,Seget,98452
Papua Barat,Sorong,Salawati Selatan,Sakapul,98452
Papua Barat,Sorong,Salawati Selatan,Maralol,98452
Papua Barat,Sorong,Salawati Selatan,Sailolof,98452
Papua Barat,Sorong,Seget,Malabam (Malaban),98452
Papua Barat,Sorong,Salawati Selatan,Manoket,98452
Papua Barat,Sorong,Segun,Majemau,98452
Papua Barat,Sorong,Seget,Klayas,98452
Papua Barat,Sorong,Segun,Klasigon (Klasegun),98452
Papua Barat,Sorong,Seget,Kasimle,98452
Papua Barat,Sorong,Salawati Selatan,Katlol (Klotlof/Katlof),98452
Papua Barat,Sorong,Seget,Kasim,98452
Papua Barat,Sorong,Moisegen,Wonosobo,98451
Papua Barat,Sorong,Mayamuk,Wen,98451
Papua Barat,Sorong,Salawati,Walal,98451
Papua Barat,Sorong,Moisegen,Ninjemur,98451
Papua Barat,Sorong,Salawati,Matawolot,98451
Papua Barat,Sorong,Salawati,Rawa Sugi,98451
Papua Barat,Sorong,Mayamuk,Makotyamsa,98451
Papua Barat,Sorong,Salawati,Malaus,98451
Papua Barat,Sorong,Mayamuk,Makbalim,98451
Papua Barat,Sorong,Mayamuk,Makbusun (Makbusum),98451
Papua Barat,Sorong,Moisegen,Klawoton,98451
Papua Barat,Sorong,Salawati,Majaran,98451
Papua Barat,Sorong,Salawati,Majener,98451
Papua Barat,Sorong,Moisegen,Klasof,98451
Papua Barat,Sorong,Mayamuk,Klasmelek,98451
Papua Barat,Sorong,Moisegen,Klasarin,98451
Papua Barat,Sorong,Mayamuk,Klalin (Klain),98451
Papua Barat,Sorong,Mayamuk,Arar,98451
Papua Barat,Sorong,Mayamuk,Jeflio (Yeflio/Yefilio),98451
Papua Barat,Sorong,Sorong Utara,Matalamagi (Matalamangi),98419
Papua Barat,Sorong,Sorong Utara,Sawagumu,98419
Papua Barat,Sorong,Sorong Utara,Malaingkedi,98419
Papua Barat,Sorong,Sorong Utara,Malanu,98419
Papua Barat,Sorong,Sorong Timur,Klasuat,98418
Papua Barat,Sorong,Sorong Timur,Klawuyuk,98419
Papua Barat,Sorong,Sorong Timur,Klamana,98418
Papua Barat,Sorong,Sorong,Remu Utara,98416
Papua Barat,Sorong,Sorong Timur,Klasaman,98417
Papua Barat,Sorong,Sorong Timur,Giwu,98418
Papua Barat,Sorong,Sorong Manoi,Malabutor,98416
Papua Barat,Sorong,Sorong Manoi,Malawei,98416
Papua Barat,Sorong,Sorong Manoi,Klasabi,98416
Papua Barat,Sorong,Sorong Utara,Klagete,98416
Papua Barat,Sorong,Sorong Timur,Klawalu,98415
Papua Barat,Sorong,Sorong,Klakublik,98414
Papua Barat,Sorong,Sorong,Klademak,98414
Papua Barat,Sorong,Sorong Timur,Klablim,98414
Papua Barat,Sorong,Sorong Kepulauan,Soop,98413
Papua Barat,Sorong,Sorong Kepulauan,Raam,98413
Papua Barat,Sorong,Sorong,Kampung Baru,98413
Papua Barat,Sorong,Sorong Kepulauan,Dum Timur (Doom Timur),98413
Papua Barat,Sorong,Sorong Kepulauan,Dum Barat (Doom Barat),98413
Papua Barat,Sorong,Sorong Barat,Rufei,98412
Papua Barat,Sorong,Sorong Barat,Klabala,98412
Papua Barat,Sorong,Sorong Barat,Tanjung Kasuari,98411
Papua Barat,Sorong,Sorong Barat,Saoka,98411
Papua Barat,Sorong,Sorong Barat,Klawasi,98411
Papua Barat,Teluk Bintuni,Moskona Timur,Sumuy (Sumui),98373
Papua Barat,Teluk Bintuni,Biscoop,Mowitka,98373
Papua Barat,Teluk Bintuni,Moskona Utara,Moyeba,98373
Papua Barat,Teluk Bintuni,Moskona Utara,Mosum,98373
Papua Barat,Teluk Bintuni,Merdey,Meyom,98373
Papua Barat,Teluk Bintuni,Merdey,Meyetga,98373
Papua Barat,Teluk Bintuni,Masyeta,Mesomda,98373
Papua Barat,Teluk Bintuni,Moskona Timur,Mesna,98373
Papua Barat,Teluk Bintuni,Merdey,Meryeb,98373
Papua Barat,Teluk Bintuni,Moskona Utara,Merestim (Maristim),98373
Papua Barat,Teluk Bintuni,Merdey,Merdey,98373
Papua Barat,Teluk Bintuni,Biscoop,Menyembrui (Menyembru),98373
Papua Barat,Teluk Bintuni,Merdey,Mekiesefeb,98373
Papua Barat,Teluk Bintuni,Merdey,Menggerba,98373
Papua Barat,Teluk Bintuni,Masyeta,Masyeta,98373
Papua Barat,Teluk Bintuni,Masyeta,Maestofu (Mestofu),98373
Papua Barat,Teluk Bintuni,Masyeta,Kalibiru,98373
Papua Barat,Teluk Bintuni,Biscoop,Laudoho,98373
Papua Barat,Teluk Bintuni,Biscoop,Jahabra,98373
Papua Barat,Teluk Bintuni,Moskona Utara,Inofina,98373
Papua Barat,Teluk Bintuni,Moskona Timur,Igomu,98373
Papua Barat,Tambrauw,Senopi,Wausin (Asiti),98372
Papua Barat,Tambrauw,Kebar,Nekori,98372
Papua Barat,Tambrauw,Senopi,Senopi,98372
Papua Barat,Tambrauw,Kebar,Injai,98372
Papua Barat,Tambrauw,Kebar,Jandurau,98372
Papua Barat,Tambrauw,Kebar,Inam,98372
Papua Barat,Tambrauw,Kebar,Inambuari,98372
Papua Barat,Tambrauw,Kebar,Ajami,98372
Papua Barat,Tambrauw,Kebar,Akmuri,98372
Papua Barat,Tambrauw,Kebar,Atai,98372
Papua Barat,Tambrauw,Senopi,Afrawi,98372
Papua Barat,Tambrauw,Mubrani,Wasnebri (Warsnembri/Wasnembri),98371
Papua Barat,Tambrauw,Amberbaken,Wefiani,98371
Papua Barat,Tambrauw,Amberbaken,Wasarak,98371
Papua Barat,Tambrauw,Mubrani,Waru,98371
Papua Barat,Tambrauw,Amberbaken,Soukorem (Saukorem),98371
Papua Barat,Tambrauw,Amberbaken,Sasuy (Sasui),98371
Papua Barat,Tambrauw,Amberbaken,Bondopi,98371
Papua Barat,Tambrauw,Mubrani,Atori,98371
Papua Barat,Tambrauw,Mubrani,Bawey,98371
Papua Barat,Tambrauw,Mubrani,Bijanfou (Bijamfou/Buanfou),98371
Papua Barat,Tambrauw,Mubrani,Arfu,98371
Papua Barat,Teluk Bintuni,Weriagar,Weriagar Utara,98365
Papua Barat,Teluk Bintuni,Weriagar,Weriagar,98365
Papua Barat,Teluk Bintuni,Weriagar,Weriagar Baru,98365
Papua Barat,Teluk Bintuni,Mayado,Vasco Damneen (Vesco Damnem/Sten),98365
Papua Barat,Teluk Bintuni,Weriagar,Tuanaikin,98365
Papua Barat,Teluk Bintuni,Tomu,Sebyar Rejosasi/Rejosari,98365
Papua Barat,Teluk Bintuni,Tomu,Taroy (Toray/Taroi),98365
Papua Barat,Teluk Bintuni,Tomu,Tomu,98365
Papua Barat,Teluk Bintuni,Weriagar,Mogotira (Mogmesa),98365
Papua Barat,Teluk Bintuni,Moskona Selatan,Rawara,98365
Papua Barat,Teluk Bintuni,Moskona Barat,Meyerga (Mayerga),98365
Papua Barat,Teluk Bintuni,Moskona Selatan,Meyenda,98365
Papua Barat,Teluk Bintuni,Moskona Barat,Macok,98365
Papua Barat,Teluk Bintuni,Kamundan,Kenara,98365
Papua Barat,Teluk Bintuni,Kamundan,Kalitama II (Kalitami II),98365
Papua Barat,Teluk Bintuni,Aranday,Kecap,98365
Papua Barat,Teluk Bintuni,Moskona Selatan,Jagiro,98365
Papua Barat,Teluk Bintuni,Kamundan,Kalitama I (Kalitami I),98365
Papua Barat,Teluk Bintuni,Moskona Barat,Istiwkem (Istikem),98365
Papua Barat,Teluk Bintuni,Moskona Selatan,Inggof,98365
Papua Barat,Teluk Bintuni,Tomu,Ekam,98365
Papua Barat,Teluk Bintuni,Kamundan,Bibiram,98365
Papua Barat,Teluk Bintuni,Aranday,Baru (Kampung Baru),98365
Papua Barat,Teluk Bintuni,Mayado,Barma Baru (Stencool),98365
Papua Barat,Teluk Bintuni,Moskona Selatan,Barma Barat,98365
Papua Barat,Teluk Bintuni,Mayado,Barma,98365
Papua Barat,Teluk Bintuni,Aranday,Aranday (Arandai),98365
Papua Barat,Teluk Bintuni,Wamesa (Idoor),Yansei (Yansey/Ensei/Yensei),98364
Papua Barat,Teluk Bintuni,Bintuni,Wesiri,98364
Papua Barat,Teluk Bintuni,Wamesa (Idoor),Wamesa II â€“ Yakati,98364
Papua Barat,Teluk Bintuni,Tuhiba,Tuhiba,98364
Papua Barat,Teluk Bintuni,Bintuni,Tuasai,98364
Papua Barat,Teluk Bintuni,Tuhiba,Tisaida,98364
Papua Barat,Teluk Bintuni,Tembuni,Tembuni,98364
Papua Barat,Teluk Bintuni,Dataran Beimes,Sir,98364
Papua Barat,Teluk Bintuni,Tuhiba,Sibena Raya (I),98364
Papua Barat,Teluk Bintuni,Tuhiba,Sibena Permai (II),98364
Papua Barat,Teluk Bintuni,Manimeri,Pasamai,98364
Papua Barat,Teluk Bintuni,Dataran Beimes,Menci,98364
Papua Barat,Teluk Bintuni,Tembuni,Mogoi Baru,98364
Papua Barat,Teluk Bintuni,Bintuni,Masina,98364
Papua Barat,Teluk Bintuni,Wamesa (Idoor),Mamuranu,98364
Papua Barat,Teluk Bintuni,Tuhiba,Kucir,98364
Papua Barat,Teluk Bintuni,Manimeri,Korano Jaya,98364
Papua Barat,Teluk Bintuni,Dataran Beimes,Huss,98364
Papua Barat,Teluk Bintuni,Bintuni,Iguriji,98364
Papua Barat,Teluk Bintuni,Manimeri,Bumi Saniari,98364
Papua Barat,Teluk Bintuni,Manimeri,Banjar Ausoy,98364
Papua Barat,Teluk Bintuni,Bintuni,Beimes,98364
Papua Barat,Teluk Bintuni,Bintuni,Bintuni Barat,98364
Papua Barat,Teluk Bintuni,Manimeri,Atibo Manimeri,98364
Papua Barat,Teluk Bintuni,Tembuni,Bangun Mulyo/Mulia,98364
Papua Barat,Teluk Bintuni,Bintuni,Argosigemerai,98364
Papua Barat,Teluk Bintuni,Aroba,Yaru,98363
Papua Barat,Teluk Bintuni,Tembuni,Araisum,98364
Papua Barat,Teluk Bintuni,Aroba,Wimbro (Nelayan Wimbro),98363
Papua Barat,Teluk Bintuni,Kaitaro,Warganusa I (Warbanusa I),98363
Papua Barat,Teluk Bintuni,Kaitaro,Warga Nusa II,98363
Papua Barat,Teluk Bintuni,Kuri,Wagura,98363
Papua Barat,Teluk Bintuni,Kaitaro,Tugarama (Tugerama),98363
Papua Barat,Teluk Bintuni,Sumuri (Simuri),Tanah Merah,98363
Papua Barat,Teluk Bintuni,Sumuri (Simuri),Tofoi,98363
Papua Barat,Teluk Bintuni,Aroba,Sido Makmur,98363
Papua Barat,Teluk Bintuni,Aroba,Sangguar,98363
Papua Barat,Teluk Bintuni,Sumuri (Simuri),Saengga,98363
Papua Barat,Teluk Bintuni,Fafurwar (Irorutu),Riendo,98363
Papua Barat,Teluk Bintuni,Kuri,Refideso,98363
Papua Barat,Teluk Bintuni,Kuri,Naramasa,98363
Papua Barat,Teluk Bintuni,Kuri,Obo,98363
Papua Barat,Teluk Bintuni,Babo,Nusei,98363
Papua Barat,Teluk Bintuni,Fafurwar (Irorutu),Meryedi (Maryedi),98363
Papua Barat,Teluk Bintuni,Babo,Kasira,98363
Papua Barat,Teluk Bintuni,Sumuri (Simuri),Materabu Jaya,98363
Papua Barat,Teluk Bintuni,Babo,Irarutu III,98363
Papua Barat,Teluk Bintuni,Fafurwar (Irorutu),Fruata (Fuata/Irorutu II),98363
Papua Barat,Teluk Bintuni,Sumuri (Simuri),Forada,98363
Papua Barat,Teluk Bintuni,Babo,Amutu,98363
Papua Barat,Teluk Bintuni,Aroba,Aroba,98363
Papua Barat,Teluk Wondama,Roon,Yende,98362
Papua Barat,Teluk Wondama,Teluk Duairi (Wasior Utara),Yopanggar (Yopengar),98362
Papua Barat,Teluk Wondama,Wasior,Wondamawi,98362
Papua Barat,Teluk Wondama,Wondiboy (Wasior Selatan),Wondiboi (Wondiboy),98362
Papua Barat,Teluk Wondama,Wasior,Wasior II,98362
Papua Barat,Teluk Wondama,Rasiei,Webi,98362
Papua Barat,Teluk Wondama,Wasior,Wasior I,98362
Papua Barat,Teluk Wondama,Rasiei,Uryemi (Uriyem/Uriemi),98362
Papua Barat,Teluk Wondama,Naikere (Wasior Barat),Undurara,98362
Papua Barat,Teluk Wondama,Rasiei,Torey,98362
Papua Barat,Teluk Wondama,Rasiei,Tandia,98362
Papua Barat,Teluk Wondama,Roon,Syabes,98362
Papua Barat,Teluk Wondama,Teluk Duairi (Wasior Utara),Sobey Indah,98362
Papua Barat,Teluk Wondama,Kuri Wamesa,Sobiar,98362
Papua Barat,Teluk Wondama,Teluk Duairi (Wasior Utara),Sobei (Sobey),98362
Papua Barat,Teluk Wondama,Kuri Wamesa,Simei (Simiei),98362
Papua Barat,Teluk Wondama,Rasiei,Sasirey (Sasirei),98362
Papua Barat,Teluk Wondama,Rasiei,Senderawoy / Senderawoi (Sindrawoi),98362
Papua Barat,Teluk Wondama,Roon,Sariay,98362
Papua Barat,Teluk Wondama,Naikere (Wasior Barat),Oya (Oyaa),98362
Papua Barat,Teluk Wondama,Wasior,Rado,98362
Papua Barat,Teluk Wondama,Rasiei,Nggatum,98362
Papua Barat,Teluk Wondama,Roon,Niab,98362
Papua Barat,Teluk Wondama,Wasior,Moru (Gayabaru),98362
Papua Barat,Teluk Wondama,Kuri Wamesa,Nanimori,98362
Papua Barat,Teluk Wondama,Roon,Menarbu,98362
Papua Barat,Teluk Wondama,Wondiboy (Wasior Selatan),Manopi,98362
Papua Barat,Teluk Wondama,Roon,Mena,98362
Papua Barat,Teluk Wondama,Wasior,Maniwak,98362
Papua Barat,Teluk Wondama,Wasior,Maimare (Maimari),98362
Papua Barat,Teluk Wondama,Wondiboy (Wasior Selatan),Kaibi,98362
Papua Barat,Teluk Wondama,Wondiboy (Wasior Selatan),Isuy (Issui),98362
Papua Barat,Teluk Wondama,Wondiboy (Wasior Selatan),Kabouw (Kabuow),98362
Papua Barat,Teluk Wondama,Rasiei,Isey (Isei),98362
Papua Barat,Teluk Wondama,Wasior,Iriati,98362
Papua Barat,Teluk Wondama,Naikere (Wasior Barat),Inyora,98362
Papua Barat,Teluk Wondama,Kuri Wamesa,Ambumi,98362
Papua Barat,Teluk Wondama,Teluk Duairi (Wasior Utara),Aisandami,98362
Papua Barat,Teluk Wondama,Windesi,Yopmios,98361
Papua Barat,Teluk Wondama,Roswar,Yomber,98361
Papua Barat,Teluk Wondama,Rumberpon,Yembekiri II,98361
Papua Barat,Teluk Wondama,Rumberpon,Yomakan,98361
Papua Barat,Teluk Wondama,Rumberpon,Yombekiri I (Yembe Kiri),98361
Papua Barat,Teluk Wondama,Soug Jaya,Yarmatum (Yermatum),98361
Papua Barat,Teluk Wondama,Wamesa,Yarpate,98361
Papua Barat,Teluk Wondama,Rumberpon,Yariari,98361
Papua Barat,Teluk Wondama,Windesi,Windesi,98361
Papua Barat,Teluk Wondama,Nikiwar,Werianggi,98361
Papua Barat,Teluk Wondama,Rumberpon,Wetitindau,98361
Papua Barat,Teluk Wondama,Nikiwar,Werabur,98361
Papua Barat,Teluk Wondama,Windesi,Wamesa Tengah,98361
Papua Barat,Teluk Wondama,Roswar,Waprak,98361
Papua Barat,Teluk Wondama,Nikiwar,Tamoge,98361
Papua Barat,Teluk Wondama,Windesi,Sandey,98361
Papua Barat,Teluk Wondama,Soug Jaya,Reyob (Rayob),98361
Papua Barat,Teluk Wondama,Wamesa,Sabubar,98361
Papua Barat,Teluk Wondama,Soug Jaya,Nuspairo,98361
Papua Barat,Teluk Wondama,Wamesa,Nordiwar,98361
Papua Barat,Teluk Wondama,Nikiwar,Mamisi,98361
Papua Barat,Teluk Wondama,Nikiwar,Kurei,98361
Papua Barat,Teluk Wondama,Wamesa,Karuan,98361
Papua Barat,Teluk Wondama,Soug Jaya,Kaprus,98361
Papua Barat,Teluk Wondama,Rumberpon,Isenebuai (Senebuay/Senebuai),98361
Papua Barat,Teluk Wondama,Rumberpon,Iseren (Isren),98361
Papua Barat,Teluk Wondama,Wamesa,Ambuar,98361
Papua Barat,Manokwari Selatan,Dataran Isim,Umuhousi (Umousi),98359
Papua Barat,Manokwari Selatan,Dataran Isim,Tubes,98359
Papua Barat,Pegunungan Arfak,Sururey,Tomstera,98359
Papua Barat,Pegunungan Arfak,Sururey,Tuhubea (Duhubeya),98359
Papua Barat,Manokwari Selatan,Dataran Isim,Tahosta (Tohosta),98359
Papua Barat,Pegunungan Arfak,Sururey,Sururey (Sururai),98359
Papua Barat,Manokwari Selatan,Dataran Isim,Sibjo,98359
Papua Barat,Pegunungan Arfak,Didohu,Sirgemeih (Sergemeh),98359
Papua Barat,Pegunungan Arfak,Didohu,Miseda,98359
Papua Barat,Pegunungan Arfak,Sururey,Saugemeba,98359
Papua Barat,Manokwari Selatan,Dataran Isim,Mindermes,98359
Papua Barat,Pegunungan Arfak,Didohu,Kusmenau,98359
Papua Barat,Pegunungan Arfak,Sururey,Menesrij,98359
Papua Barat,Pegunungan Arfak,Sururey,Kopo,98359
Papua Barat,Pegunungan Arfak,Sururey,Kostera,98359
Papua Barat,Manokwari Selatan,Dataran Isim,Isim,98359
Papua Barat,Pegunungan Arfak,Sururey,Kobrey,98359
Papua Barat,Pegunungan Arfak,Didohu,Iranmeba,98359
Papua Barat,Manokwari Selatan,Dataran Isim,Inyuara,98359
Papua Barat,Pegunungan Arfak,Sururey,Inyaub,98359
Papua Barat,Manokwari Selatan,Dataran Isim,Hugamod (Hugomot),98359
Papua Barat,Pegunungan Arfak,Sururey,Duguhani (Dugahani),98359
Papua Barat,Manokwari Selatan,Dataran Isim,Disra (Desra),98359
Papua Barat,Manokwari Selatan,Dataran Isim,Disihu (Dihisu),98359
Papua Barat,Manokwari Selatan,Dataran Isim,Dibera,98359
Papua Barat,Pegunungan Arfak,Didohu,Desra (Disra),98359
Papua Barat,Pegunungan Arfak,Didohu,Debetik (Dibetik),98359
Papua Barat,Pegunungan Arfak,Didohu,Demdamei,98359
Papua Barat,Pegunungan Arfak,Didohu,Cirnohu,98359
Papua Barat,Pegunungan Arfak,Didohu,Danmou,98359
Papua Barat,Pegunungan Arfak,Didohu,Cigera,98359
Papua Barat,Pegunungan Arfak,Sururey,Anuk,98359
Papua Barat,Pegunungan Arfak,Menyambouw (Minyambouw),Ungga,98358
Papua Barat,Pegunungan Arfak,Menyambouw (Minyambouw),Waminda (Wamminda),98358
Papua Barat,Pegunungan Arfak,Catubouw,Unti,98358
Papua Barat,Pegunungan Arfak,Menyambouw (Minyambouw),Umpug,98358
Papua Barat,Pegunungan Arfak,Catubouw,Sugemah (Sugemeh),98358
Papua Barat,Pegunungan Arfak,Catubouw,Timtou (Timtouw),98358
Papua Barat,Pegunungan Arfak,Menyambouw (Minyambouw),Ugjehek (Ujeheg),98358
Papua Barat,Pegunungan Arfak,Menyambouw (Minyambouw),Siyau (Syou),98358
Papua Barat,Pegunungan Arfak,Menyambouw (Minyambouw),Simerbei,98358
Papua Barat,Pegunungan Arfak,Menyambouw (Minyambouw),Sinaitousi (Sinaytoisi/Sinitousi),98358
Papua Barat,Pegunungan Arfak,Menyambouw (Minyambouw),Njuar,98358
Papua Barat,Pegunungan Arfak,Menyambouw (Minyambouw),Piyausi (Pinyausi),98358
Papua Barat,Pegunungan Arfak,Menyambouw (Minyambouw),Sigim,98358
Papua Barat,Pegunungan Arfak,Catubouw,Ndabouw,98358
Papua Barat,Pegunungan Arfak,Menyambouw (Minyambouw),Nimbiau,98358
Papua Barat,Pegunungan Arfak,Menyambouw (Minyambouw),Ninsimoi,98358
Papua Barat,Pegunungan Arfak,Menyambouw (Minyambouw),Mnoubei (Minogbei/Minogbey/Minbey),98358
Papua Barat,Pegunungan Arfak,Menyambouw (Minyambouw),Mokwam,98358
Papua Barat,Pegunungan Arfak,Menyambouw (Minyambouw),Mitiede,98358
Papua Barat,Pegunungan Arfak,Menyambouw (Minyambouw),Misapngoisi (Misangoisi),98358
Papua Barat,Pegunungan Arfak,Menyambouw (Minyambouw),Misadwer,98358
Papua Barat,Pegunungan Arfak,Catubouw,Minmo,98358
Papua Barat,Pegunungan Arfak,Menyambouw (Minyambouw),Minggre (Mingre),98358
Papua Barat,Pegunungan Arfak,Catubouw,Minhou (Mihou),98358
Papua Barat,Pegunungan Arfak,Menyambouw (Minyambouw),Micadiwor,98358
Papua Barat,Pegunungan Arfak,Menyambouw (Minyambouw),Mbigma (Mbingma),98358
Papua Barat,Pegunungan Arfak,Menyambouw (Minyambouw),Memanker (Memangker),98358
Papua Barat,Pegunungan Arfak,Menyambouw (Minyambouw),Menyambouw (Minyambouw),98358
Papua Barat,Pegunungan Arfak,Catubouw,Manggesuk,98358
Papua Barat,Pegunungan Arfak,Menyambouw (Minyambouw),Mainda,98358
Papua Barat,Pegunungan Arfak,Menyambouw (Minyambouw),Kibauw (Kipouw),98358
Papua Barat,Pegunungan Arfak,Menyambouw (Minyambouw),Kwau,98358
Papua Barat,Pegunungan Arfak,Catubouw,Jim,98358
Papua Barat,Pegunungan Arfak,Catubouw,Kaungwam,98358
Papua Barat,Pegunungan Arfak,Menyambouw (Minyambouw),Inggrahim (Inggramhim),98358
Papua Barat,Pegunungan Arfak,Menyambouw (Minyambouw),Injuar,98358
Papua Barat,Pegunungan Arfak,Menyambouw (Minyambouw),Ipingoisi (Ipingosi),98358
Papua Barat,Pegunungan Arfak,Menyambouw (Minyambouw),Indonbey (Indobey/Indondey),98358
Papua Barat,Pegunungan Arfak,Menyambouw (Minyambouw),Imbrekti,98358
Papua Barat,Pegunungan Arfak,Menyambouw (Minyambouw),Indabri,98358
Papua Barat,Pegunungan Arfak,Menyambouw (Minyambouw),Imbenti,98358
Papua Barat,Pegunungan Arfak,Catubouw,Ijigrek (Ijigreg),98358
Papua Barat,Pegunungan Arfak,Menyambouw (Minyambouw),Driye,98358
Papua Barat,Pegunungan Arfak,Menyambouw (Minyambouw),Handuk,98358
Papua Barat,Pegunungan Arfak,Menyambouw (Minyambouw),Demaisi,98358
Papua Barat,Pegunungan Arfak,Catubouw,Catubouw,98358
Papua Barat,Pegunungan Arfak,Catubouw,Coijut (Coijud),98358
Papua Barat,Pegunungan Arfak,Menyambouw (Minyambouw),Coisi,98358
Papua Barat,Pegunungan Arfak,Menyambouw (Minyambouw),Bingwoyud (Bingywoyut),98358
Papua Barat,Pegunungan Arfak,Menyambouw (Minyambouw),Bueibei (Dueibei),98358
Papua Barat,Pegunungan Arfak,Catubouw,Bingrayud (Binggarud),98358
Papua Barat,Pegunungan Arfak,Catubouw,Bingwaimod (Bigwaimud),98358
Papua Barat,Pegunungan Arfak,Menyambouw (Minyambouw),Bahamyenti,98358
Papua Barat,Pegunungan Arfak,Menyambouw (Minyambouw),Awibehey (Awibehei),98358
Papua Barat,Pegunungan Arfak,Menyambouw (Minyambouw),Ayau,98358
Papua Barat,Pegunungan Arfak,Menyambouw (Minyambouw),Apui,98358
Papua Barat,Pegunungan Arfak,Menyambouw (Minyambouw),Asarbey (Asarbei),98358
Papua Barat,Pegunungan Arfak,Menyambouw (Minyambouw),Andang,98358
Papua Barat,Pegunungan Arfak,Catubouw,Aiga,98358
Papua Barat,Manokwari,Masni,Yonsoribo (Yen Soribo),98357
Papua Barat,Pegunungan Arfak,Menyambouw (Minyambouw),Aduer,98358
Papua Barat,Manokwari,Masni,Wariori,98357
Papua Barat,Manokwari,Masni,Wariori Indah,98357
Papua Barat,Manokwari,Masni,Yensum,98357
Papua Barat,Manokwari,Sidey,Wariki,98357
Papua Barat,Manokwari,Sidey,Waramui (Waramoi),98357
Papua Barat,Manokwari,Sidey,Wamnowi (Womnowi),98357
Papua Barat,Manokwari,Masni,Wamfoura (Wam Bola),98357
Papua Barat,Pegunungan Arfak,Hingk,Urwong,98357
Papua Barat,Manokwari,Masni,Undi,98357
Papua Barat,Manokwari,Masni,Urey,98357
Papua Barat,Pegunungan Arfak,Hingk,Tumbeibehei,98357
Papua Barat,Pegunungan Arfak,Hingk,Umcep,98357
Papua Barat,Manokwari,Masni,Sumber Boga,98357
Papua Barat,Pegunungan Arfak,Hingk,Tigau Comti,98357
Papua Barat,Manokwari,Sidey,Sidey Baru,98357
Papua Barat,Manokwari,Sidey,Sidey Jaya,98357
Papua Barat,Manokwari,Sidey,Sidey,98357
Papua Barat,Manokwari,Masni,Sibuni,98357
Papua Barat,Manokwari,Sidey,Saray,98357
Papua Barat,Manokwari,Masni,Ririnfos,98357
Papua Barat,Manokwari,Masni,Sembab,98357
Papua Barat,Manokwari,Masni,Prafi Barat,98357
Papua Barat,Pegunungan Arfak,Hingk,Punggung (Pungug),98357
Papua Barat,Pegunungan Arfak,Hingk,Ntap,98357
Papua Barat,Pegunungan Arfak,Hingk,Nungkimor,98357
Papua Barat,Pegunungan Arfak,Hingk,Penibut,98357
Papua Barat,Manokwari,Masni,Muara Wariori,98357
Papua Barat,Pegunungan Arfak,Hingk,Ngimoubre (Ngimoubri),98357
Papua Barat,Manokwari,Masni,Mowbja (Moubja/Mobja),98357
Papua Barat,Manokwari,Masni,Muara Prafi,98357
Papua Barat,Pegunungan Arfak,Hingk,Monut,98357
Papua Barat,Manokwari,Sidey,Meyof I,98357
Papua Barat,Manokwari,Masni,Merejemeg (Merejneg),98357
Papua Barat,Manokwari,Masni,Meyeruk,98357
Papua Barat,Manokwari,Masni,Meiforga,98357
Papua Barat,Manokwari,Masni,Membowi,98357
Papua Barat,Pegunungan Arfak,Hingk,Mbrande,98357
Papua Barat,Manokwari,Masni,Masni,98357
Papua Barat,Pegunungan Arfak,Hingk,Mbegau,98357
Papua Barat,Manokwari,Masni,Mansaburi (Smaryam),98357
Papua Barat,Manokwari,Masni,Mantedi,98357
Papua Barat,Manokwari,Sidey,Manggupi,98357
Papua Barat,Manokwari,Masni,Macuan,98357
Papua Barat,Manokwari,Masni,Makwan,98357
Papua Barat,Pegunungan Arfak,Hingk,Leiheak (Liehak),98357
Papua Barat,Pegunungan Arfak,Hingk,Kwok II (Kwokwisngung),98357
Papua Barat,Pegunungan Arfak,Hingk,Kwok I,98357
Papua Barat,Pegunungan Arfak,Hingk,Kwaiyehep,98357
Papua Barat,Manokwari,Masni,Kali Merah,98357
Papua Barat,Manokwari,Sidey,Kaironi,98357
Papua Barat,Manokwari,Masni,Jowen,98357
Papua Barat,Manokwari,Masni,Inyei,98357
Papua Barat,Manokwari,Masni,Igor,98357
Papua Barat,Pegunungan Arfak,Hingk,Ikimabow (Ikimabou),98357
Papua Barat,Pegunungan Arfak,Hingk,Humeysi (Humeisi),98357
Papua Barat,Pegunungan Arfak,Hingk,Gweipingbai (Gueipinbai),98357
Papua Barat,Pegunungan Arfak,Hingk,Heatie Bouw (Haktiebou),98357
Papua Barat,Pegunungan Arfak,Hingk,Guweuti (Gueiuti/Guwei Uti),98357
Papua Barat,Pegunungan Arfak,Hingk,Demunti,98357
Papua Barat,Manokwari,Masni,Bowi Subur,98357
Papua Barat,Pegunungan Arfak,Hingk,Cangoisi,98357
Papua Barat,Manokwari,Masni,Aurmios,98357
Papua Barat,Manokwari,Masni,Aska,98357
Papua Barat,Pegunungan Arfak,Testega,Asai II (Asay II),98357
Papua Barat,Pegunungan Arfak,Hingk,Arion (Aryon),98357
Papua Barat,Manokwari,Prafi,Umbui (Umbuy),98356
Papua Barat,Manokwari,Prafi,Uhyehekbrig (Ogyehek/Oyehek Brig),98356
Papua Barat,Manokwari,Prafi,Udapi Hilir (Udap Hilir),98356
Papua Barat,Manokwari,Prafi,Prafi Mulia/Mulya,98356
Papua Barat,Manokwari,Prafi,Semi (Somi),98356
Papua Barat,Manokwari,Prafi,Lismaungu (Lismanggu),98356
Papua Barat,Manokwari,Prafi,Krenu (Kerenu/Krenui),98356
Papua Barat,Manokwari,Prafi,Kali Amin,98356
Papua Barat,Manokwari,Prafi,Inguisi (Ingkwoisi),98356
Papua Barat,Manokwari,Prafi,Desay,98356
Papua Barat,Manokwari,Prafi,Bogor,98356
Papua Barat,Manokwari,Prafi,Bendip Matoa (Debit Motoa),98356
Papua Barat,Manokwari,Prafi,Aimasi,98356
Papua Barat,Manokwari Selatan,Momi Waren,Yekwandi,98355
Papua Barat,Manokwari Selatan,Tahota (Tohota),Yermatum,98355
Papua Barat,Manokwari Selatan,Ransiki,Yamboy (Yamboi),98355
Papua Barat,Manokwari Selatan,Momi Waren,Waren,98355
Papua Barat,Manokwari Selatan,Ransiki,Susmorof,98355
Papua Barat,Manokwari Selatan,Ransiki,Swer,98355
Papua Barat,Manokwari Selatan,Momi Waren,Siwi,98355
Papua Barat,Manokwari Selatan,Tahota (Tohota),Seimeba,98355
Papua Barat,Manokwari Selatan,Neney (Nenei),Sesum,98355
Papua Barat,Manokwari Selatan,Tahota (Tohota),Reyob,98355
Papua Barat,Manokwari Selatan,Ransiki,Sabri,98355
Papua Barat,Manokwari Selatan,Ransiki,Nuhuwai (Nuhuei/Nuhuwei),98355
Papua Barat,Manokwari Selatan,Ransiki,Ransiki Kota,98355
Papua Barat,Manokwari Selatan,Neney (Nenei),Nenei (Neney),98355
Papua Barat,Manokwari Selatan,Momi Waren,Neny Pantai (Nenei Pantai/Nij),98355
Papua Barat,Manokwari Selatan,Ransiki,Kobrey,98355
Papua Barat,Manokwari Selatan,Ransiki,Mambrema,98355
Papua Barat,Manokwari Selatan,Tahota (Tohota),Kaprus,98355
Papua Barat,Manokwari Selatan,Neney (Nenei),Hiyou,98355
Papua Barat,Manokwari Selatan,Ransiki,Hamawi,98355
Papua Barat,Manokwari Selatan,Ransiki,Hamor,98355
Papua Barat,Manokwari Selatan,Momi Waren,Demini,98355
Papua Barat,Manokwari Selatan,Neney (Nenei),Benyas,98355
Papua Barat,Manokwari Selatan,Ransiki,Bamaha,98355
Papua Barat,Manokwari Selatan,Neney (Nenei),Aryawen Moho (Aryawenm),98355
Papua Barat,Pegunungan Arfak,Membey,Usti,98354
Papua Barat,Manokwari Selatan,Ransiki,Abresso (Abreso),98355
Papua Barat,Pegunungan Arfak,Anggi,Uper,98354
Papua Barat,Manokwari,Tanah Rubuh,Urwambei,98354
Papua Barat,Pegunungan Arfak,Anggi Gida,Tubyam (Tuabyam),98354
Papua Barat,Pegunungan Arfak,Anggi,Ulong (Ullong),98354
Papua Barat,Pegunungan Arfak,Taige,Ubeisa,98354
Papua Barat,Pegunungan Arfak,Anggi Gida,Tombrok,98354
Papua Barat,Pegunungan Arfak,Taige,Tridaga,98354
Papua Barat,Pegunungan Arfak,Anggi,Suteibei (Suteibey),98354
Papua Barat,Pegunungan Arfak,Anggi,Testega Pamaha,98354
Papua Barat,Pegunungan Arfak,Taige,Taiga (Taige),98354
Papua Barat,Pegunungan Arfak,Anggi,Spiyougup,98354
Papua Barat,Pegunungan Arfak,Membey,Sisrang (Seseran),98354
Papua Barat,Pegunungan Arfak,Anggi Gida,Sibiogud,98354
Papua Barat,Pegunungan Arfak,Anggi Gida,Sakumi (Sakuni/Sakurai),98354
Papua Barat,Pegunungan Arfak,Anggi,Mentubei (Mentubey),98354
Papua Barat,Pegunungan Arfak,Anggi,Pamaha,98354
Papua Barat,Pegunungan Arfak,Anggi Gida,Ngisrow (Ingisrow),98354
Papua Barat,Pegunungan Arfak,Membey,Membey,98354
Papua Barat,Pegunungan Arfak,Membey,Memti,98354
Papua Barat,Pegunungan Arfak,Anggi Gida,Krobut (Kiwot),98354
Papua Barat,Pegunungan Arfak,Membey,Koney,98354
Papua Barat,Pegunungan Arfak,Anggi Gida,Itkau,98354
Papua Barat,Pegunungan Arfak,Taige,Irbos,98354
Papua Barat,Pegunungan Arfak,Membey,Inyebow (Inyebouw),98354
Papua Barat,Pegunungan Arfak,Anggi,Iraiweri,98354
Papua Barat,Pegunungan Arfak,Membey,Imbeisaba,98354
Papua Barat,Pegunungan Arfak,Anggi,Igmbai (Igembai/Imbeisba),98354
Papua Barat,Pegunungan Arfak,Anggi,Imbai,98354
Papua Barat,Pegunungan Arfak,Taige,Genyu,98354
Papua Barat,Pegunungan Arfak,Anggi,Ayau (Ayaubey),98354
Papua Barat,Pegunungan Arfak,Taige,Deroubu (Deuroba),98354
Papua Barat,Pegunungan Arfak,Taige,Asum (Ansum),98354
Papua Barat,Pegunungan Arfak,Taige,Awigau (Awaikum/Awaigau),98354
Papua Barat,Manokwari Selatan,Oransbari,Watariri,98353
Papua Barat,Manokwari Selatan,Oransbari,Warkwandi,98353
Papua Barat,Manokwari Selatan,Oransbari,Waroser,98353
Papua Barat,Manokwari Selatan,Oransbari,Wandoki,98353
Papua Barat,Manokwari Selatan,Oransbari,Warbiadi,98353
Papua Barat,Manokwari Selatan,Oransbari,Wamigti,98353
Papua Barat,Manokwari Selatan,Oransbari,Sidomulyo,98353
Papua Barat,Manokwari Selatan,Oransbari,Sindang Jaya (Sidang Jaya),98353
Papua Barat,Manokwari Selatan,Oransbari,Muari,98353
Papua Barat,Manokwari Selatan,Oransbari,Oransbari,98353
Papua Barat,Manokwari Selatan,Oransbari,Masabui Dua (II),98353
Papua Barat,Manokwari Selatan,Oransbari,Masabui Satu (I),98353
Papua Barat,Manokwari,Warmare,Umcen (Umcem),98352
Papua Barat,Manokwari,Warmare,Warmare,98352
Papua Barat,Manokwari,Warmare,Subsay,98352
Papua Barat,Manokwari,Warmare,Tanah Merah,98352
Papua Barat,Manokwari,Warmare,Sotea,98352
Papua Barat,Manokwari,Warmare,Srayndabey (Sraindabey),98352
Papua Barat,Manokwari,Warmare,Ngungguen,98352
Papua Barat,Manokwari,Warmare,Nimbay,98352
Papua Barat,Manokwari,Warmare,Snaimboy,98352
Papua Barat,Manokwari,Warmare,Madrat,98352
Papua Barat,Manokwari,Warmare,Meniy (Meny),98352
Papua Barat,Manokwari,Warmare,Imboisrati (Iboisrati),98352
Papua Barat,Manokwari,Warmare,Indisey,98352
Papua Barat,Manokwari,Warmare,Hingk,98352
Papua Barat,Manokwari,Warmare,Ibuwau,98352
Papua Barat,Manokwari,Warmare,Duwin (Duwin Umsini),98352
Papua Barat,Manokwari,Warmare,Gueintuy (Guentuy),98352
Papua Barat,Manokwari,Manokwari Utara,Yonggam,98315
Papua Barat,Manokwari,Manokwari Utara,Yoom I,98315
Papua Barat,Manokwari,Tanah Rubuh,Wedoni,98315
Papua Barat,Manokwari,Manokwari Selatan,Waruri (Weluri),98315
Papua Barat,Manokwari,Manokwari Selatan,Wasay (Wasai),98315
Papua Barat,Manokwari,Manokwari Selatan,Warmumi (Warmomi),98315
Papua Barat,Manokwari,Tanah Rubuh,Warnyeti,98315
Papua Barat,Manokwari,Manokwari Selatan,Warsuami (Waswami),98315
Papua Barat,Manokwari,Manokwari Selatan,Warkomi,98315
Papua Barat,Manokwari,Tanah Rubuh,Warmawai,98315
Papua Barat,Manokwari,Manokwari Utara,Warbefor,98315
Papua Barat,Manokwari,Tanah Rubuh,Wariari,98315
Papua Barat,Manokwari,Tanah Rubuh,Warkapi,98315
Papua Barat,Manokwari,Tanah Rubuh,Umnum,98315
Papua Barat,Manokwari,Tanah Rubuh,Warami,98315
Papua Barat,Manokwari,Tanah Rubuh,Ukemboisi,98315
Papua Barat,Manokwari,Tanah Rubuh,Ukopti,98315
Papua Barat,Manokwari,Manokwari Utara,Teluk Mubri,98315
Papua Barat,Manokwari,Manokwari Utara,Sayro,98315
Papua Barat,Manokwari,Manokwari Utara,Singgimeba,98315
Papua Barat,Manokwari,Manokwari Utara,Pami,98315
Papua Barat,Manokwari,Manokwari Utara,Saubeba,98315
Papua Barat,Manokwari,Tanah Rubuh,Rembuy,98315
Papua Barat,Manokwari,Manokwari Selatan,Nimbiauw (Nimbauw),98315
Papua Barat,Manokwari,Tanah Rubuh,Ningdip,98315
Papua Barat,Manokwari,Manokwari Selatan,Ngunibouw (Nginibouw/Nginybou),98315
Papua Barat,Manokwari,Manokwari Utara,Mubraidiba,98315
Papua Barat,Manokwari,Manokwari Utara,Mubri,98315
Papua Barat,Manokwari,Manokwari Selatan,Mupi,98315
Papua Barat,Pegunungan Arfak,Testega,Mofoukeda,98315
Papua Barat,Pegunungan Arfak,Testega,Morumfeyi,98315
Papua Barat,Manokwari,Tanah Rubuh,Mironi,98315
Papua Barat,Manokwari,Tanah Rubuh,Misabugoid,98315
Papua Barat,Manokwari,Manokwari Selatan,Misapmeysi,98315
Papua Barat,Pegunungan Arfak,Testega,Mengehena (Meigehenawu),98315
Papua Barat,Pegunungan Arfak,Testega,Menjugiji (Mejugiji),98315
Papua Barat,Pegunungan Arfak,Testega,Meifowoska,98315
Papua Barat,Pegunungan Arfak,Testega,Meimersa,98315
Papua Barat,Pegunungan Arfak,Testega,Meksi,98315
Papua Barat,Pegunungan Arfak,Testega,Meidogda,98315
Papua Barat,Pegunungan Arfak,Testega,Meifekeni,98315
Papua Barat,Manokwari,Prafi,Mebiji / Mebji,98315
Papua Barat,Manokwari,Manokwari Utara,Mebji,98315
Papua Barat,Manokwari,Tanah Rubuh,Mbatma,98315
Papua Barat,Manokwari,Manokwari Selatan,Maruni,98315
Papua Barat,Manokwari,Manokwari Selatan,Masiepi (Masyepi),98315
Papua Barat,Manokwari,Manokwari Utara,Lebau,98315
Papua Barat,Manokwari,Manokwari Utara,Mandopi,98315
Papua Barat,Manokwari,Manokwari Selatan,Katebu,98315
Papua Barat,Pegunungan Arfak,Testega,Jigja (Jijga),98315
Papua Barat,Manokwari,Manokwari Utara,Inya,98315
